InspectionID,HiveID,Date,Brood,Bees,Queen,Food,Stressors,Space,Percent_Met,Healthy
1,1,2016-06-15,1,1,1,1,0,1,83,No
2,1,2016-07-22,1,1,1,1,0,1,83,No
3,1,2016-08-01,1,1,1,1,1,1,100,Yes
4,1,2016-08-08,1,1,1,1,1,1,100,Yes
5,1,2016-08-15,1,1,1,1,0,1,83,No
6,1,2016-08-22,1,1,1,1,1,1,100,Yes
7,1,2016-08-29,1,1,1,1,1,1,100,Yes
8,1,2016-09-08,1,1,1,0,0,1,67,No
9,1,2016-09-16,1,1,1,1,1,1,100,Yes
10,1,2016-09-27,1,1,1,1,0,1,83,No
11,1,2016-10-04,1,1,1,0,0,1,67,No
12,1,2016-10-11,1,1,1,0,0,1,67,No
13,1,2016-10-24,1,1,1,1,0,1,83,No
14,1,2017-03-07,0,0,0,0,0,0,0,No
15,1,2017-03-07,0,0,0,0,0,0,0,No
16,2,2016-07-28,1,1,1,0,0,1,67,No
17,2,2016-08-01,1,0,1,0,0,0,33,No
18,2,2016-08-08,1,1,1,0,0,0,50,No
19,3,2017-02-08,1,1,1,1,0,0,67,No
20,4,2016-03-18,1,1,1,1,0,1,83,No
21,4,2016-03-24,1,1,1,1,1,1,100,Yes
22,4,2016-06-15,0,1,0,1,0,1,50,No
23,4,2016-07-28,1,1,1,1,0,1,83,No
24,4,2016-08-02,1,1,1,1,0,1,83,No
25,4,2016-08-05,0,0,1,1,0,1,50,No
26,4,2016-08-09,0,0,1,1,0,1,50,No
27,4,2016-08-16,1,0,1,1,0,1,67,No
28,4,2016-08-23,1,1,1,1,0,0,67,No
29,4,2016-08-29,0,0,0,0,0,1,17,No
30,4,2016-09-06,0,0,0,0,0,1,17,No
31,4,2016-09-14,1,0,0,1,0,0,33,No
32,4,2016-09-27,0,0,0,1,0,0,17,No
33,4,2016-10-04,0,1,0,0,0,1,33,No
34,4,2016-10-11,1,1,1,0,0,0,50,No
35,4,2016-10-24,1,1,1,1,0,1,83,No
36,4,2017-03-07,1,1,0,1,1,0,67,No
37,4,2017-03-07,1,1,0,1,1,0,67,No
38,4,2017-03-24,1,1,1,1,1,0,83,No
39,4,2017-03-24,1,1,1,1,1,0,83,No
40,4,2017-03-29,1,1,1,1,0,1,83,No
41,4,2017-03-29,1,1,1,1,0,1,83,No
42,4,2017-04-04,1,1,1,1,1,0,83,No
43,4,2017-04-04,1,1,1,1,1,0,83,No
44,4,2017-04-10,1,1,1,1,1,1,100,Yes
45,4,2017-04-10,1,1,1,1,1,1,100,Yes
46,4,2017-04-21,1,1,1,1,1,1,100,Yes
47,4,2017-04-21,1,1,1,1,1,1,100,Yes
48,4,2017-04-28,1,1,1,1,1,1,100,Yes
49,4,2017-04-28,1,1,1,1,1,1,100,Yes
50,4,2017-05-02,1,0.5,1,1,0,1,75,No
51,4,2017-05-02,1,0.5,1,1,0,1,75,No
52,4,2017-05-08,0,0,1,0,0,0,17,No
53,4,2017-05-08,0,0,1,0,0,0,17,No
54,4,2017-05-10,0,0,1,1,0,0,33,No
55,4,2017-05-10,0,0,1,1,0,0,33,No
56,4,2017-05-16,1,1,1,1,0,0,67,No
57,4,2017-05-16,1,1,1,1,0,0,67,No
58,4,2017-05-25,1,1,1,1,0,0,67,No
59,4,2017-05-25,1,1,1,1,0,0,67,No
60,4,2017-06-06,1,0,1,1,0,1,67,No
61,4,2017-06-06,1,0,1,1,0,1,67,No
62,4,2017-06-12,1,0,1,1,0,1,67,No
63,4,2017-06-12,1,0,1,1,0,1,67,No
64,4,2017-06-23,1,1,1,1,0,1,83,No
65,4,2017-06-23,1,1,1,1,0,1,83,No
66,4,2017-06-26,1,1,1,1,0,1,83,No
67,4,2017-06-26,1,1,1,1,0,1,83,No
68,4,2017-07-03,1,1,1,1,1,1,100,Yes
69,4,2017-07-11,1,1,1,1,1,1,100,Yes
70,4,2017-07-25,1,1,1,1,1,1,100,Yes
71,4,2017-08-07,1,1,1,1,0,1,83,No
72,4,2017-08-18,1,1,1,1,1,0,83,No
73,4,2017-08-24,1,1,1,1,1,1,100,Yes
74,4,2017-08-30,1,1,1,1,0,1,83,No
75,4,2017-09-05,1,1,1,1,0,1,83,No
76,4,2017-09-13,1,1,1,1,1,1,100,Yes
77,4,2017-09-19,1,1,1,1,0,1,83,No
78,4,2017-09-25,1,1,1,1,1,1,100,Yes
79,4,2017-10-03,1,1,1,1,1,1,100,Yes
80,4,2017-10-10,1,1,1,1,0,0,67,No
81,4,2017-10-12,1,1,1,1,0,1,83,No
82,4,2017-10-17,1,1,1,1,0,1,83,No
83,4,2017-10-24,0,1,1,1,0,1,67,No
84,4,2017-11-03,0,1,1,1,1,1,83,No
85,5,2016-08-01,1,1,1,1,0,1,83,No
86,5,2016-08-08,1,1,1,0,0,1,67,No
87,5,2016-08-15,1,1,0,1,0,1,67,No
88,5,2016-08-22,1,1,0,0,0,1,50,No
89,5,2016-08-29,1,1,0,1,1,1,83,No
90,5,2016-09-08,1,1,0,0,1,1,67,No
91,5,2016-09-16,1,1,0,1,1,1,83,No
92,5,2016-09-27,1,1,0,1,0,1,67,No
93,5,2016-10-04,1,1,0,1,0,1,67,No
94,5,2016-10-11,1,1,1,1,0,1,83,No
95,5,2016-10-24,1,1,1,1,0,1,83,No
96,5,2017-03-07,0,1,0,1,0,1,50,No
97,5,2017-03-07,0,1,0,1,0,1,50,No
98,5,2017-03-24,0,1,0.5,1,0,0,42,No
99,5,2017-03-24,0,1,0.5,1,0,0,42,No
100,5,2017-03-29,0,0,1,1,0,0,33,No
101,5,2017-03-29,0,0,1,1,0,0,33,No
102,5,2017-04-04,0,0,1,1,0,1,50,No
103,5,2017-04-04,0,0,1,1,0,1,50,No
104,5,2017-04-10,1,1,1,1,0,0,67,No
105,5,2017-04-10,1,1,1,1,0,0,67,No
106,5,2017-04-21,1,1,1,1,0,0,67,No
107,5,2017-04-21,1,1,1,1,0,0,67,No
108,5,2017-04-28,0,1,0,1,0,1,50,No
109,5,2017-04-28,0,1,0,1,0,1,50,No
110,5,2017-05-02,1,1,1,1,0,0,67,No
111,5,2017-05-02,1,1,1,1,0,0,67,No
112,5,2017-05-08,1,0,1,1,0,1,67,No
113,5,2017-05-08,1,0,1,1,0,1,67,No
114,5,2017-05-16,0,0,0.5,1,0,0,25,No
115,5,2017-05-16,0,0,0.5,1,0,0,25,No
116,6,2017-05-25,0,0,0,0,0,0,0,No
117,6,2017-05-25,0,0,0,0,0,0,0,No
118,7,2016-03-08,1,1,1,1,0,1,83,No
119,7,2016-03-18,0,1,1,1,1,1,83,No
120,7,2016-03-24,0,1,1,1,0,1,67,No
121,7,2016-04-25,0,1,0,1,0,0,33,No
122,7,2016-04-27,0,1,0,1,1,1,67,No
123,7,2016-06-15,1,1,1,1,0,1,83,No
124,7,2016-07-22,1,1,1,1,0,1,83,No
125,7,2016-07-28,1,1,0,0,0,1,50,No
126,7,2016-08-01,1,1,1,1,0,1,83,No
127,7,2016-08-08,1,1,1,1,0,1,83,No
128,7,2016-08-15,1,0,1,1,1,1,83,No
129,7,2016-08-22,1,1,1,0,1,1,83,No
130,7,2016-08-29,1,1,1,0,1,1,83,No
131,7,2016-09-08,1,1,1,1,1,1,100,Yes
132,7,2016-09-16,1,1,1,1,1,1,100,Yes
133,7,2016-09-27,1,1,1,1,0,1,83,No
134,7,2016-10-04,1,1,1,0,0,1,67,No
135,7,2016-10-11,1,1,1,1,0,0,67,No
136,7,2016-10-24,1,1,1,1,0,1,83,No
137,7,2017-03-07,0,0,0,1,0,1,33,No
138,7,2017-03-07,0,0,0,1,0,1,33,No
139,7,2017-03-24,0,0.5,0,1,0,1,42,No
140,7,2017-03-24,0,0.5,0,1,0,1,42,No
141,7,2017-03-29,0,0,1,1,0,1,50,No
142,7,2017-03-29,0,0,1,1,0,1,50,No
143,7,2017-04-04,1,1,1,1,1,1,100,Yes
144,7,2017-04-04,1,1,1,1,1,1,100,Yes
145,7,2017-04-10,1,1,1,1,1,0,83,No
146,7,2017-04-10,1,1,1,1,1,0,83,No
147,7,2017-04-11,0,0,1,1,0,0,33,No
148,7,2017-04-11,0,0,1,1,0,0,33,No
149,7,2017-04-21,1,1,1,1,0,1,83,No
150,7,2017-04-21,1,1,1,1,0,1,83,No
151,7,2017-04-28,1,1,1,1,0,1,83,No
152,7,2017-04-28,1,1,1,1,0,1,83,No
153,7,2017-05-02,1,1,1,1,0,0,67,No
154,7,2017-05-02,1,1,1,1,0,0,67,No
155,7,2017-05-08,1,0,1,1,0,0,50,No
156,7,2017-05-08,1,0,1,1,0,0,50,No
157,7,2017-05-16,0,0,1,1,0,0,33,No
158,7,2017-05-16,0,0,1,1,0,0,33,No
159,7,2017-06-06,0,0,0,0,0,0,0,No
160,7,2017-06-06,0,0,0,0,0,0,0,No
161,7,2017-06-21,0,0,0,0,0,0,0,No
162,7,2017-06-21,0,0,0,0,0,0,0,No
163,8,2017-03-29,0,0,0,1,1,1,50,No
164,8,2017-03-29,0,0,0,1,1,1,50,No
165,8,2017-04-04,0,0,1,1,1,1,67,No
166,8,2017-04-04,0,0,1,1,1,1,67,No
167,8,2017-04-10,0,0,1,1,0,1,50,No
168,8,2017-04-10,0,0,1,1,0,1,50,No
169,8,2017-04-21,1,1,1,1,1,0,83,No
170,8,2017-04-21,1,1,1,1,1,0,83,No
171,8,2017-04-28,1,1,1,1,1,0,83,No
172,8,2017-04-28,1,1,1,1,1,0,83,No
173,8,2017-05-02,1,1,1,1,1,0,83,No
174,8,2017-05-02,1,1,1,1,1,0,83,No
175,8,2017-05-08,1,1,1,1,1,1,100,Yes
176,8,2017-05-08,1,1,1,1,1,1,100,Yes
177,8,2017-05-16,1,1,1,1,0,0,67,No
178,8,2017-05-16,1,1,1,1,0,0,67,No
179,8,2017-05-25,1,1,1,1,1,1,100,Yes
180,8,2017-05-25,1,1,1,1,1,1,100,Yes
181,8,2017-06-06,1,1,1,0,0,1,67,No
182,8,2017-06-06,1,1,1,0,0,1,67,No
183,8,2017-06-12,1,1,1,0,0,0,50,No
184,8,2017-06-12,1,1,1,0,0,0,50,No
185,8,2017-06-21,0,0,1,1,0,0,33,No
186,8,2017-06-21,0,0,1,1,0,0,33,No
187,8,2017-06-26,1,1,1,1,0,1,83,No
188,8,2017-06-26,1,1,1,1,0,1,83,No
189,8,2017-07-03,1,1,1,1,0,1,83,No
190,8,2017-07-11,1,1,1,1,0,1,83,No
191,8,2017-07-25,1,1,1,1,0,1,83,No
192,8,2017-08-07,1,1,1,0,0,0.5,58,No
193,8,2017-08-18,1,1,1,1,0,1,83,No
194,8,2017-08-24,1,1,1,1,0,0.5,75,No
195,8,2017-08-30,0,1,1,0,0,1,50,No
196,8,2017-09-05,1,1,1,0,0,1,67,No
197,8,2017-09-13,0,0,0,1,0,0,17,No
198,9,2016-04-27,0,1,1,1,0,1,67,No
199,9,2016-07-27,1,1,0,1,0,0,50,No
200,9,2016-08-01,1,1,1,1,0,0,67,No
201,9,2016-08-08,0,1,0,1,0,1,50,No
202,9,2016-08-15,1,1,0,0,0,1,50,No
203,9,2016-08-22,1,1,0,1,1,1,83,No
204,9,2016-08-29,1,1,0,0,1,1,67,No
205,9,2016-09-08,1,1,1,0,1,1,83,No
206,9,2016-09-16,1,1,0,0,1,1,67,No
207,9,2016-09-27,1,1,0,1,1,1,83,No
208,9,2016-10-04,1,1,0,1,1,1,83,No
209,9,2016-10-11,1,1,0,1,0,1,67,No
210,9,2016-10-24,1,1,0,1,0,1,67,No
211,9,2017-03-07,0,0,0,1,0,0,17,No
212,9,2017-03-07,0,0,0,1,0,0,17,No
213,9,2017-03-24,0,0,0,1,0,0,17,No
214,9,2017-03-24,0,0,0,1,0,0,17,No
215,9,2017-03-29,0,0,0,1,0,0,17,No
216,9,2017-03-29,0,0,0,1,0,0,17,No
217,9,2017-07-11,1,1,1,1,1,1,100,Yes
218,10,2016-06-15,1,1,1,0,1,1,83,No
219,10,2016-07-28,1,1,1,1,1,1,100,Yes
220,10,2016-08-01,1,1,1,1,1,0,83,No
221,10,2016-08-08,1,1,1,1,0,1,83,No
222,10,2016-08-16,1,1,1,1,1,1,100,Yes
223,10,2016-08-22,1,1,1,1,0,1,83,No
224,10,2016-08-29,1,1,1,1,1,1,100,Yes
225,10,2016-09-08,1,1,1,0,0,1,67,No
226,10,2016-09-16,1,1,1,1,0.5,1,92,No
227,10,2016-09-27,0,1,1,1,1,0,67,No
228,10,2016-10-04,1,1,1,0,0,1,67,No
229,10,2016-10-11,1,1,1,0,1,0,67,No
230,10,2016-10-24,1,1,1,1,0,1,83,No
231,10,2017-03-07,1,1,0,1,0,0,50,No
232,10,2017-03-07,1,1,0,1,0,0,50,No
233,10,2017-03-24,0,0.5,0,1,0,0,25,No
234,10,2017-03-24,0,0.5,0,1,0,0,25,No
235,10,2017-03-29,0,1,0,1,0,1,50,No
236,10,2017-03-29,0,1,0,1,0,1,50,No
237,10,2017-04-04,0,1,1,1,1,1,83,No
238,10,2017-04-04,0,1,1,1,1,1,83,No
239,10,2017-04-10,1,1,1,1,0,1,83,No
240,10,2017-04-10,1,1,1,1,0,1,83,No
241,10,2017-04-11,1,1,1,1,0,0,67,No
242,10,2017-04-11,1,1,1,1,0,0,67,No
243,10,2017-04-21,1,1,1,1,1,0,83,No
244,10,2017-04-21,1,1,1,1,1,0,83,No
245,10,2017-04-28,1,1,1,1,1,0,83,No
246,10,2017-04-28,1,1,1,1,1,0,83,No
247,10,2017-05-02,1,1,1,1,0,1,83,No
248,10,2017-05-02,1,1,1,1,0,1,83,No
249,10,2017-05-08,1,1,1,1,0,1,83,No
250,10,2017-05-08,1,1,1,1,0,1,83,No
251,10,2017-05-16,1,1,1,1,0,0,67,No
252,10,2017-05-16,1,1,1,1,0,0,67,No
253,10,2017-05-25,1,1,0,1,0,1,67,No
254,10,2017-05-25,1,1,0,1,0,1,67,No
255,10,2017-06-06,1,0,0,0,0,1,33,No
256,10,2017-06-06,1,0,0,0,0,1,33,No
257,10,2017-06-12,1,1,1,1,0,1,83,No
258,10,2017-06-12,1,1,1,1,0,1,83,No
259,10,2017-06-21,1,1,1,1,0,1,83,No
260,10,2017-06-21,1,1,1,1,0,1,83,No
261,10,2017-06-26,1,1,1,1,1,1,100,Yes
262,10,2017-06-26,1,1,1,1,1,1,100,Yes
263,10,2017-07-03,1,1,1,1,0,1,83,No
264,10,2017-07-11,1,1,1,1,0,1,83,No
265,10,2017-07-25,0,1,0,1,0,0,33,No
266,10,2017-08-07,1,1,1,1,0,1,83,No
267,10,2017-08-18,1,1,1,1,0,1,83,No
268,10,2017-08-24,1,1,1,1,0,1,83,No
269,10,2017-08-30,1,1,1,1,0,1,83,No
270,10,2017-09-05,0,1,0,1,1,1,67,No
271,10,2017-09-13,0,1,0,1,1,1,67,No
272,10,2017-09-19,0,1,0,1,0,1,50,No
273,10,2017-09-25,0,1,1,1,0,1,67,No
274,10,2017-10-03,1,1,1,1,1,1,100,Yes
275,10,2017-10-10,1,1,1,1,0,0,67,No
276,10,2017-10-17,1,1,1,1,0,1,83,No
277,10,2017-10-24,1,1,1,1,0,0,67,No
278,10,2017-11-03,1,1,1,1,0,1,83,No
279,11,2017-04-04,0,0,1,1,1,1,67,No
280,11,2017-04-04,0,0,1,1,1,1,67,No
281,11,2017-04-10,0,0,1,1,1,1,67,No
282,11,2017-04-10,0,0,1,1,1,1,67,No
283,11,2017-04-21,0,0,0,1,0,1,33,No
284,11,2017-04-21,0,0,0,1,0,1,33,No
285,11,2017-04-28,0,1,0,1,0,1,50,No
286,11,2017-04-28,0,1,0,1,0,1,50,No
287,11,2017-05-02,0,0,0,1,0,1,33,No
288,11,2017-05-02,0,0,0,1,0,1,33,No
289,11,2017-05-08,0,0.5,0,1,0,1,42,No
290,11,2017-05-08,0,0.5,0,1,0,1,42,No
291,11,2017-05-16,0,1,0,0,0,1,33,No
292,11,2017-05-16,0,1,0,0,0,1,33,No
293,11,2017-05-25,0,1,1,1,0,1,67,No
294,11,2017-05-25,0,1,1,1,0,1,67,No
295,11,2017-06-06,1,0,1,1,0,1,67,No
296,11,2017-06-06,1,0,1,1,0,1,67,No
297,11,2017-06-12,1,1,1,0,0,1,67,No
298,11,2017-06-12,1,1,1,0,0,1,67,No
299,11,2017-06-21,1,1,1,1,1,0,83,No
300,11,2017-06-21,1,1,1,1,1,0,83,No
301,11,2017-06-26,1,1,1,1,1,1,100,Yes
302,11,2017-06-26,1,1,1,1,1,1,100,Yes
303,11,2017-07-03,1,1,1,1,1,1,100,Yes
304,11,2017-07-11,1,1,1,1,1,0,83,No
305,11,2017-07-25,1,1,1,1,0,0,67,No
306,11,2017-08-07,1,1,1,1,0,1,83,No
307,11,2017-08-18,1,1,1,1,0,1,83,No
308,11,2017-08-24,1,1,1,1,1,1,100,Yes
309,11,2017-08-30,1,1,1,1,0,1,83,No
310,11,2017-09-05,1,1,1,1,1,1,100,Yes
311,11,2017-09-13,1,1,1,1,0,1,83,No
312,11,2017-09-19,1,1,1,0,0,1,67,No
313,11,2017-09-25,1,1,1,1,0,1,83,No
314,11,2017-10-03,1,1,1,0,1,1,83,No
315,11,2017-10-10,1,1,1,1,0,1,83,No
316,11,2017-10-17,1,1,1,1,0,1,83,No
317,11,2017-10-24,1,1,1,1,0,1,83,No
318,11,2017-11-03,0,1,1,0,0,1,50,No
319,12,2017-04-04,0,0,1,1,1,1,67,No
320,12,2017-04-04,0,0,1,1,1,1,67,No
321,12,2017-04-10,0,0,1,1,0,1,50,No
322,12,2017-04-10,0,0,1,1,0,1,50,No
323,12,2017-04-21,1,1,1,1,1,0,83,No
324,12,2017-04-21,1,1,1,1,1,0,83,No
325,12,2017-04-26,1,1,1,1,1,1,100,Yes
326,12,2017-04-26,1,1,1,1,1,1,100,Yes
327,12,2017-05-02,1,1,1,1,1,0,83,No
328,12,2017-05-02,1,1,1,1,1,0,83,No
329,12,2017-05-08,1,1,1,1,0,1,83,No
330,12,2017-05-08,1,1,1,1,0,1,83,No
331,12,2017-05-16,1,1,1,1,0,1,83,No
332,12,2017-05-16,1,1,1,1,0,1,83,No
333,12,2017-05-25,1,1,1,1,0,1,83,No
334,12,2017-05-25,1,1,1,1,0,1,83,No
335,12,2017-06-06,1,1,1,1,0,1,83,No
336,12,2017-06-06,1,1,1,1,0,1,83,No
337,12,2017-06-12,1,1,1,1,1,1,100,Yes
338,12,2017-06-12,1,1,1,1,1,1,100,Yes
339,12,2017-06-21,1,1,1,1,1,1,100,Yes
340,12,2017-06-21,1,1,1,1,1,1,100,Yes
341,12,2017-06-26,1,1,1,1,0,1,83,No
342,12,2017-06-26,1,1,1,1,0,1,83,No
343,12,2017-07-03,1,1,1,1,1,1,100,Yes
344,12,2017-07-25,1,1,1,1,1,1,100,Yes
345,12,2017-08-07,1,1,1,1,0,1,83,No
346,12,2017-08-18,1,1,1,1,0,1,83,No
347,12,2017-08-24,1,1,1,1,0,1,83,No
348,12,2017-08-30,1,1,1,1,0,1,83,No
349,12,2017-09-05,1,1,1,1,0,1,83,No
350,12,2017-09-13,1,1,1,1,0,1,83,No
351,12,2017-09-19,1,1,1,1,0,1,83,No
352,12,2017-09-25,1,1,1,0,0,1,67,No
353,12,2017-10-03,0,1,1,1,1,1,83,No
354,12,2017-10-10,1,1,1,1,0,1,83,No
355,12,2017-10-17,1,1,1,1,0,1,83,No
356,12,2017-10-24,1,1,1,1,0,1,83,No
357,12,2017-11-03,1,1,1,1,0,0,67,No
358,13,2017-08-24,1,1,1,1,1,1,100,Yes
359,13,2017-08-30,1,1,1,1,0,1,83,No
360,13,2017-09-05,1,1,1,1,0,1,83,No
361,13,2017-09-13,1,1,1,1,0,1,83,No
362,13,2017-09-25,1,1,1,0,0,1,67,No
363,13,2017-10-03,1,1,1,0,0,1,67,No
364,13,2017-10-10,1,1,1,1,0,1,83,No
365,13,2017-10-17,1,1,1,0,0,0,50,No
366,13,2017-10-24,1,1,1,0,0,0,50,No
367,13,2017-11-03,0,1,1,0,0,0,33,No
368,14,2017-09-21,0,0,0,0,0,0,0,No
369,15,2017-09-21,1,1,1,1,1,0,83,No
370,16,2017-09-21,1,0,1,0,0,0,33,No
371,17,2017-09-21,0,0,0,0,0,0,0,No
372,18,2017-09-21,1,1,1,0,0,0,50,No
373,19,2017-09-21,1,1,1,0,1,1,83,No
374,20,2017-09-21,1,1,1,1,0,1,83,No
375,21,2017-09-21,1,1,1,1,1,1,100,Yes
376,22,2017-09-21,1,1,1,1,1,0,83,No
377,23,2017-09-21,1,1,1,0,0,1,67,No
378,24,2017-09-21,1,1,1,0,0,0,50,No
379,25,2017-09-21,1,1,1,1,0,1,83,No
380,26,2017-03-29,0,0,0,1,0,1,33,No
381,26,2017-03-29,0,0,0,1,0,1,33,No
382,27,2018-04-06,0,1,0,1,0,0,33,No
383,27,2018-04-12,0,1,0,1,0,0,33,No
384,27,2018-04-18,0,0,0,1,0,0,17,No
385,27,2018-04-27,0,0,0,1,0,1,33,No
386,27,2018-05-02,0,0,1,1,0,1,50,No
387,27,2018-05-09,1,1,1,1,0,1,83,No
388,27,2018-05-22,1,1,1,1,1,0,83,No
389,27,2018-05-31,1,1,1,1,1,1,100,Yes
390,27,2018-06-06,1,1,1,1,1,1,100,Yes
391,27,2018-06-15,1,1,1,1,1,0,83,No
392,27,2018-06-21,1,1,1,1,1,0,83,No
393,27,2018-06-27,1,1,1,1,0,1,83,No
394,27,2018-07-03,1,1,1,1,0,0,67,No
395,27,2018-07-10,1,1,1,1,0,0,67,No
396,27,2018-07-17,1,1,1,1,1,1,100,Yes
397,27,2018-07-26,1,1,1,1,1,0,83,No
398,27,2018-08-01,1,1,1,1,1,0,83,No
399,27,2018-08-07,1,1,1,1,1,1,100,Yes
400,27,2018-08-14,1,1,1,1,0,1,83,No
401,27,2018-08-21,1,1,1,1,1,1,100,Yes
402,27,2018-08-30,1,1,1,1,0,0,67,No
403,27,2018-09-05,1,1,1,1,0,1,83,No
404,27,2018-09-19,1,1,1,1,0,1,83,No
405,27,2018-09-25,0,1,0,1,1,1,67,No
406,27,2018-10-03,0,0,0,1,1,0,33,No
407,27,2018-10-09,0,1,0,1,1,1,67,No
408,27,2018-10-15,0,1,0,1,1,1,67,No
409,27,2018-10-23,1,0,1,1,1,0,67,No
410,27,2018-10-31,1,1,1,1,0,1,83,No
411,28,2018-04-10,0,0,0,0,0,0,0,No
412,28,2018-04-18,0,0,0,1,0,0,17,No
413,28,2018-04-27,0,0,1,0,0,1,33,No
414,28,2018-05-02,1,1,1,1,1,1,100,Yes
415,28,2018-05-09,1,1,1,1,0,1,83,No
416,28,2018-05-22,1,1,1,1,1,1,100,Yes
417,28,2018-05-31,1,1,1,1,1,1,100,Yes
418,28,2018-06-07,1,1,1,1,1,1,100,Yes
419,28,2018-06-15,1,1,1,1,1,0,83,No
420,28,2018-06-21,1,1,1,1,0,0,67,No
421,28,2018-06-27,0,1,0,1,0,1,50,No
422,28,2018-07-03,1,1,0,1,1,1,83,No
423,28,2018-07-12,1,1,1,1,0,0,67,No
424,28,2018-07-18,1,1,1,1,0,1,83,No
425,28,2018-07-26,1,1,1,1,1,1,100,Yes
426,28,2018-08-01,1,1,1,1,0,1,83,No
427,28,2018-08-08,1,1,1,1,1,1,100,Yes
428,28,2018-08-14,1,1,1,1,0,1,83,No
429,29,2018-04-12,0,1,0,1,1,1,67,No
430,29,2018-04-18,0,1,1,1,1,1,83,No
431,29,2018-04-27,0,1,0,1,0,1,50,No
432,29,2018-05-02,0,1,1,1,1,1,83,No
433,29,2018-05-09,1,1,1,1,1,1,100,Yes
434,29,2018-05-24,0,1,1,1,0,1,67,No
435,29,2018-05-31,1,1,1,1,1,1,100,Yes
436,29,2018-06-07,1,1,1,1,1,1,100,Yes
437,29,2018-06-15,1,1,1,1,0,0,67,No
438,29,2018-06-21,1,1,1,1,0,1,83,No
439,29,2018-06-27,1,1,1,1,0,1,83,No
440,29,2018-07-03,1,1,1,1,1,1,100,Yes
441,29,2018-07-12,1,1,1,1,0,1,83,No
442,29,2018-07-18,1,1,1,1,0,1,83,No
443,29,2018-07-26,1,1,1,1,0,1,83,No
444,29,2018-08-01,1,1,1,1,0,1,83,No
445,29,2018-08-08,1,1,1,1,1,1,100,Yes
446,29,2018-08-15,1,1,1,1,0,1,83,No
447,29,2018-08-23,1,1,1,1,0,1,83,No
448,29,2018-08-30,1,1,1,1,0,0,67,No
449,29,2018-09-05,1,1,1,1,0,1,83,No
450,29,2018-09-19,1,1,1,1,0,1,83,No
451,29,2018-09-26,1,1,1,1,0,1,83,No
452,29,2018-10-03,1,1,1,1,0,1,83,No
453,29,2018-10-09,1,1,1,1,0,1,83,No
454,29,2018-10-15,1,1,1,1,0,1,83,No
455,29,2018-10-23,0,0,1,1,0,0,33,No
456,30,2018-07-03,0,1,1,1,1,1,83,No
457,30,2018-07-10,1,1,1,1,1,1,100,Yes
458,31,2018-04-12,0,0,0,1,0,1,33,No
459,31,2018-04-18,0,1,1,1,1,0,67,No
460,31,2018-04-27,0,0,1,1,1,0,50,No
461,31,2018-05-02,1,1,1,1,1,1,100,Yes
462,31,2018-05-09,1,1,1,1,1,1,100,Yes
463,31,2018-05-24,1,1,1,1,0,0,67,No
464,31,2018-05-31,1,1,1,1,1,0,83,No
465,31,2018-06-07,1,1,1,1,0,0,67,No
466,31,2018-06-15,1,1,1,1,0,0,67,No
467,31,2018-06-21,1,1,1,1,1,0,83,No
468,31,2018-06-27,1,1,1,1,0,1,83,No
469,31,2018-07-03,1,1,1,1,1,1,100,Yes
470,31,2018-07-12,1,1,1,1,1,1,100,Yes
471,31,2018-07-18,1,1,1,1,0,1,83,No
472,31,2018-07-26,1,1,1,1,0,1,83,No
473,31,2018-08-01,1,1,1,1,0,1,83,No
474,31,2018-08-08,1,1,1,1,1,1,100,Yes
475,31,2018-08-15,1,1,1,0,0,1,67,No
476,31,2018-08-23,1,1,1,1,0,1,83,No
477,31,2018-08-30,1,1,1,1,0,1,83,No
478,31,2018-09-05,1,1,1,1,0,1,83,No
479,31,2018-09-19,1,1,1,1,0,1,83,No
480,31,2018-09-26,1,1,1,1,0,1,83,No
481,31,2018-10-03,1,1,1,1,0,1,83,No
482,31,2018-10-09,1,1,1,1,0,1,83,No
483,31,2018-10-15,1,1,1,1,0,0,67,No
484,31,2018-10-23,0,1,1,1,0,0,50,No
485,32,2018-04-10,0,1,0,0,1,1,50,No
486,32,2018-04-18,0,1,0,1,1,1,67,No
487,32,2018-04-27,0,1,1,1,0,1,67,No
488,32,2018-05-02,0,1,1,1,1,1,83,No
489,32,2018-05-09,0,1,1,1,0,1,67,No
490,32,2018-05-24,1,1,1,1,1,0,83,No
491,32,2018-05-31,1,1,1,1,1,0,83,No
492,32,2018-06-07,1,1,1,1,1,0,83,No
493,32,2018-06-15,1,1,1,1,0,0,67,No
494,32,2018-06-21,1,1,1,1,1,0,83,No
495,32,2018-06-27,1,1,1,1,0,1,83,No
496,32,2018-07-03,1,1,1,1,1,1,100,Yes
497,32,2018-07-12,1,1,1,1,1,1,100,Yes
498,32,2018-07-18,1,1,1,1,0,1,83,No
499,32,2018-07-26,1,1,1,1,0,1,83,No
500,32,2018-08-01,1,1,1,1,1,1,100,Yes
501,32,2018-08-09,1,1,1,1,0,1,83,No
502,32,2018-08-15,1,1,1,0,0,1,67,No
503,32,2018-08-23,1,1,1,1,0,1,83,No
504,32,2018-08-30,1,1,1,1,0,1,83,No
505,32,2018-09-05,1,1,1,1,0,1,83,No
506,32,2018-09-19,1,1,1,1,0,1,83,No
507,32,2018-09-26,1,1,1,1,0,1,83,No
508,32,2018-10-03,1,1,1,1,0,1,83,No
509,32,2018-10-09,1,1,1,1,0,1,83,No
510,32,2018-10-15,1,1,1,1,0,1,83,No
511,32,2018-10-23,1,1,1,1,0,1,83,No
512,33,2018-04-27,0,0,1,1,1,0,50,No
513,33,2018-07-03,0,0,0,0,0,0,0,No
514,33,2018-07-10,0,0,0,0,0,0,0,No
515,33,2018-07-18,0,0,0,0,0,0,0,No
516,33,2018-07-26,0,0,0,1,0,0,17,No
517,33,2018-08-01,0,1,0,1,1,1,67,No
518,33,2018-08-08,0,1,0,1,1,1,67,No
519,33,2018-08-14,0,1,1,1,0,1,67,No
520,33,2018-08-23,1,1,1,1,1,1,100,Yes
521,33,2018-08-30,1,1,1,1,0,0,67,No
522,33,2018-09-05,1,1,1,1,0,1,83,No
523,33,2018-09-19,1,1,1,1,0,1,83,No
524,33,2018-09-26,1,1,1,1,0,1,83,No
525,33,2018-10-03,1,1,1,1,0,1,83,No
526,33,2018-10-09,1,1,1,1,0,1,83,No
527,33,2018-10-15,1,1,1,1,0,1,83,No
528,33,2018-10-23,0,1,1,1,1,1,83,No
529,33,2018-10-31,1,1,1,1,0,1,83,No
530,34,2018-04-27,0,0,1,0,0,0,17,No
531,34,2018-06-15,0,1,0,0,0,0,17,No
532,34,2018-06-21,0,1,1,1,1,1,83,No
533,34,2018-06-27,0,1,0,1,0,1,50,No
534,34,2018-07-03,0,1,1,1,0,1,67,No
535,34,2018-07-10,1,1,1,1,1,1,100,Yes
536,35,2018-04-12,0,1,0,1,1,1,67,No
537,35,2018-04-18,0,1,1,1,1,1,83,No
538,35,2018-04-27,0,1,1,1,0,1,67,No
539,35,2018-05-02,1,1,1,1,1,1,100,Yes
540,35,2018-05-09,1,1,1,1,1,1,100,Yes
541,35,2018-05-24,1,1,1,1,0,0,67,No
542,35,2018-05-31,1,1,1,1,1,1,100,Yes
543,35,2018-06-07,1,1,1,1,1,0,83,No
544,35,2018-06-15,0,1,0,1,0,0,33,No
545,35,2018-06-21,0,1,0,1,0,1,50,No
546,35,2018-06-27,0,1,0,1,0,1,50,No
547,35,2018-07-03,0,1,1,1,0,1,67,No
548,35,2018-07-12,1,1,1,1,0,0,67,No
549,35,2018-07-18,1,1,1,1,0,0,67,No
550,35,2018-07-26,1,1,1,1,0,1,83,No
551,35,2018-08-01,1,1,1,1,0,1,83,No
552,35,2018-08-08,1,1,1,1,1,1,100,Yes
553,35,2018-08-15,1,1,1,0,0,1,67,No
554,36,2018-04-10,1,1,1,1,1,1,100,Yes
555,36,2018-04-18,0,1,0,1,1,0,50,No
556,36,2018-04-27,1,1,1,1,1,0,83,No
557,36,2018-05-02,1,1,0,1,1,0,67,No
558,36,2018-05-09,1,1,0,1,1,0,67,No
559,36,2018-05-22,1,1,0,1,1,1,83,No
560,36,2018-06-01,1,1,0,1,1,1,83,No
561,36,2018-06-07,1,1,0,1,1,1,83,No
562,36,2018-06-15,1,1,0,1,0,0,50,No
563,36,2018-06-21,1,1,0,1,1,1,83,No
564,36,2018-06-27,1,1,0,1,0,1,67,No
565,36,2018-07-03,1,1,0,1,1,1,83,No
566,36,2018-07-10,1,1,0,1,0,0,50,No
567,37,2018-06-15,1,1,1,1,0,0,67,No
568,37,2018-06-21,1,1,0,1,1,1,83,No
569,37,2018-06-27,1,1,0,1,1,1,83,No
570,37,2018-07-03,1,1,0,1,0,1,67,No
571,37,2018-07-10,1,1,0,1,0,1,67,No
572,38,2018-12-12,,,,,,,0,No
573,39,2018-07-24,1,0,1,1,0,1,67,No
574,40,2016-04-19,0,0,0,0,0,1,17,No
575,40,2016-04-22,0,0,1,1,1,1,67,No
576,40,2016-04-26,0,0,1,1,1,1,67,No
577,40,2016-04-29,1,1,1,1,1,1,100,Yes
578,40,2016-05-03,1,1,1,1,1,1,100,Yes
579,40,2016-05-10,1,1,1,1,1,1,100,Yes
580,40,2016-05-13,1,1,1,1,1,1,100,Yes
581,40,2016-05-18,1,1,1,1,1,1,100,Yes
582,40,2016-05-25,1,1,1,1,1,1,100,Yes
583,40,2016-06-01,1,1,1,1,1,1,100,Yes
584,40,2016-06-08,1,1,1,1,1,1,100,Yes
585,40,2016-06-15,1,1,1,1,1,1,100,Yes
586,40,2016-06-23,1,1,1,1,1,1,100,Yes
587,40,2016-06-30,1,1,1,1,1,1,100,Yes
588,40,2016-07-12,1,1,1,1,1,1,100,Yes
589,40,2016-07-21,1,1,1,1,1,1,100,Yes
590,40,2016-07-26,1,1,1,1,1,1,100,Yes
591,40,2016-08-09,1,1,1,1,1,1,100,Yes
592,40,2016-08-24,1,1,1,1,1,1,100,Yes
593,40,2016-08-31,1,1,1,1,0,0,67,No
594,40,2016-09-08,1,1,1,1,0,1,83,No
595,40,2016-09-13,1,1,1,1,0,1,83,No
596,40,2016-09-19,1,1,1,1,1,1,100,Yes
597,40,2016-10-03,1,1,1,1,0,1,83,No
598,40,2016-10-10,1,1,1,1,0,1,83,No
599,40,2016-10-17,1,1,1,1,0,1,83,No
600,40,2016-10-24,1,1,1,1,0,1,83,No
601,41,2016-04-19,0,0,0,0,0,1,17,No
602,41,2016-04-22,0,0,1,1,1,1,67,No
603,41,2016-04-26,0,0,1,1,1,1,67,No
604,41,2016-04-29,0,0,1,1,1,1,67,No
605,41,2016-05-03,1,0,1,1,1,1,83,No
606,41,2016-05-10,1,1,1,1,0,1,83,No
607,41,2016-05-13,1,1,1,1,1,1,100,Yes
608,41,2016-05-18,1,1,1,1,1,1,100,Yes
609,41,2016-05-25,1,1,1,1,1,1,100,Yes
610,41,2016-06-01,1,1,1,1,1,1,100,Yes
611,41,2016-06-08,1,1,1,1,1,1,100,Yes
612,41,2016-06-15,1,1,1,1,1,1,100,Yes
613,41,2016-06-23,1,1,1,1,1,1,100,Yes
614,41,2016-06-30,1,1,1,1,1,1,100,Yes
615,41,2016-07-12,1,1,1,1,1,1,100,Yes
616,41,2016-07-26,1,1,1,1,1,1,100,Yes
617,41,2016-08-09,1,1,1,1,1,1,100,Yes
618,41,2016-08-24,1,1,1,1,1,1,100,Yes
619,41,2016-08-31,0,1,1,1,0,0,50,No
620,41,2016-09-08,1,1,1,1,0,1,83,No
621,41,2016-09-13,1,1,1,1,0,1,83,No
622,41,2016-09-19,1,1,1,1,0,1,83,No
623,41,2016-10-03,1,1,1,1,0,1,83,No
624,41,2016-10-10,1,1,0,1,0,1,67,No
625,41,2016-10-17,1,1,1,1,0,1,83,No
626,41,2016-10-24,1,1,0,1,0,1,67,No
627,42,2016-04-19,0,0,0,0,0,1,17,No
628,42,2016-04-22,0,0,0,1,1,1,50,No
629,42,2016-04-26,0,0,0,1,1,1,50,No
630,42,2016-05-03,0,0,0,1,1,1,50,No
631,42,2016-05-10,0,0,0,1,0,1,33,No
632,43,2017-10-23,1,1,0,1,0,1,67,No
633,44,2018-07-12,1,1,1,1,1,1,100,Yes
634,44,2018-08-02,1,1,0,0,1,1,67,No
635,44,2018-08-08,0,1,0,1,1,0,50,No
636,44,2018-08-23,1,1,1,1,1,0,83,No
637,44,2018-09-05,1,1,1,1,1,1,100,Yes
638,44,2018-09-18,1,1,1,1,1,0,83,No
639,44,2018-09-27,1,1,1,1,0,1,83,No
640,44,2018-10-08,1,1,1,1,1,1,100,Yes
641,44,2018-10-30,1,1,1,1,1,1,100,Yes
642,44,2018-11-07,1,1,1,1,1,0,83,No
643,44,2018-11-19,,,,1,,,17,No
644,44,2018-12-03,1,1,0,1,1,1,83,No
645,45,2018-07-12,1,1,1,1,1,0,83,No
646,45,2018-07-31,0,1,0,0,0,1,33,No
647,45,2018-09-05,1,1,1,1,1,1,100,Yes
648,45,2018-09-11,1,1,1,1,1,1,100,Yes
649,45,2018-09-19,1,1,1,1,1,1,100,Yes
650,45,2018-09-27,0,1,1,1,0,1,67,No
651,45,2018-10-08,1,1,1,1,0,1,83,No
652,45,2018-10-30,1,1,1,1,1,1,100,Yes
653,45,2018-11-07,1,1,1,1,1,0,83,No
654,45,2018-11-19,,,,1,,,17,No
655,45,2018-12-03,1,1,0,1,1,1,83,No
656,46,2018-03-16,1,1,1,0,1,1,83,No
657,46,2018-03-29,1,1,1,0,1,1,83,No
658,46,2018-04-02,0,1,0,1,1,1,67,No
659,46,2018-04-05,0,1,0,1,1,1,67,No
660,46,2018-04-10,0,1,0,1,1,1,67,No
661,46,2018-04-13,1,1,1,1,1,1,100,Yes
662,46,2018-04-18,0,0,0,1,1,1,50,No
663,46,2018-04-26,0,0,0,1,1,0,33,No
664,47,2018-03-16,1,1,1,0,1,1,83,No
665,47,2018-03-29,1,1,1,0,0,1,67,No
666,47,2018-04-05,1,1,1,1,1,1,100,Yes
667,47,2018-04-10,1,1,1,1,1,1,100,Yes
668,47,2018-04-18,1,1,1,1,1,1,100,Yes
669,47,2018-04-26,1,1,1,1,1,1,100,Yes
670,47,2018-05-14,1,1,1,0,1,1,83,No
671,47,2018-05-23,1,1,1,1,1,1,100,Yes
672,47,2018-06-11,1,1,1,0,1,1,83,No
673,47,2018-06-28,1,1,0,0,1,1,67,No
674,47,2018-08-02,1,1,1,0,1,1,83,No
675,47,2018-08-08,1,1,1,0,1,1,83,No
676,47,2018-08-23,1,1,1,0,1,1,83,No
677,47,2018-09-18,1,1,1,1,1,1,100,Yes
678,47,2018-09-26,1,1,1,1,1,1,100,Yes
679,47,2018-10-08,1,1,1,0,1,1,83,No
680,47,2018-10-30,0,1,0,1,0,1,50,No
681,47,2018-11-06,1,1,1,1,1,1,100,Yes
682,47,2018-11-06,0,0,0,1,1,1,50,No
683,48,2018-03-16,0,1,0,1,1,1,67,No
684,48,2018-04-02,0,1,0,1,1,1,67,No
685,48,2018-04-12,1,1,1,1,1,1,100,Yes
686,48,2018-04-13,1,1,1,1,1,1,100,Yes
687,48,2018-04-26,1,1,1,1,1,1,100,Yes
688,48,2018-05-14,1,1,1,1,1,1,100,Yes
689,48,2018-06-13,1,1,1,0,0,0,50,No
690,48,2018-06-28,0,1,1,0,1,1,67,No
691,48,2018-08-02,1,1,1,0,0,1,67,No
692,48,2018-08-08,1,1,1,0,1,1,83,No
693,48,2018-08-23,1,1,1,0,1,0,67,No
694,48,2018-09-05,0,0,0,0,0,1,17,No
695,49,2018-03-16,0,1,0,1,1,1,67,No
696,49,2018-03-29,0,0,0,0,0,1,17,No
697,49,2018-04-02,0,1,0,1,1,1,67,No
698,49,2018-04-12,0,0,1,1,1,1,67,No
699,49,2018-04-18,0,1,0,1,1,1,67,No
700,49,2018-04-23,0,0,0,1,1,1,50,No
701,49,2018-04-25,0,0,0,1,0,0,17,No
702,49,2018-04-26,0,0,0,1,0,1,33,No
703,49,2018-05-03,1,1,1,1,1,1,100,Yes
704,49,2018-05-15,1,1,1,1,1,1,100,Yes
705,49,2018-05-23,1,1,1,1,1,1,100,Yes
706,49,2018-06-13,1,1,1,1,1,1,100,Yes
707,49,2018-06-28,0,1,0,1,1,0,50,No
708,49,2018-08-02,1,1,1,0,0,1,67,No
709,49,2018-08-08,1,1,1,1,1,1,100,Yes
710,49,2018-08-23,1,1,1,1,1,1,100,Yes
711,49,2018-09-05,0,0,0,0,0,0,0,No
712,50,2017-08-30,1,1,1,1,1,1,100,Yes
713,50,2017-09-07,1,1,1,1,0,0,67,No
714,50,2017-09-12,1,1,1,0,0,1,67,No
715,50,2017-09-21,1,1,1,1,0,0,67,No
716,50,2017-10-02,1,1,1,1,0,1,83,No
717,50,2018-04-25,1,1,1,1,1,1,100,Yes
718,50,2018-05-14,0,1,0,1,1,1,67,No
719,50,2018-05-23,1,1,1,1,1,1,100,Yes
720,50,2018-05-31,1,1,1,1,1,0,83,No
721,50,2018-06-04,1,1,1,1,1,1,100,Yes
722,50,2018-06-13,1,1,1,1,1,1,100,Yes
723,50,2018-06-26,1,1,1,1,1,1,100,Yes
724,50,2018-07-31,0,1,0,0,1,1,50,No
725,50,2018-08-06,1,1,1,1,1,1,100,Yes
726,50,2018-09-05,1,1,1,1,1,1,100,Yes
727,50,2018-09-19,1,1,1,1,1,1,100,Yes
728,50,2018-09-27,1,1,1,1,1,1,100,Yes
729,50,2018-10-08,1,1,1,1,1,1,100,Yes
730,50,2018-10-30,1,1,1,1,1,1,100,Yes
731,50,2018-11-07,1,1,1,0,1,1,83,No
732,50,2018-11-19,,,,1,,,17,No
733,50,2018-12-03,1,1,0,1,1,1,83,No
734,50,2018-12-12,,,,1,,,17,No
735,51,2018-03-16,1,1,1,1,1,1,100,Yes
736,51,2018-03-29,1,1,1,0,1,1,83,No
737,51,2018-04-02,1,1,1,1,1,1,100,Yes
738,51,2018-04-12,0,1,0,1,1,1,67,No
739,51,2018-04-18,0,0,0,1,1,1,50,No
740,51,2018-04-25,1,1,1,1,1,1,100,Yes
741,51,2018-04-26,1,1,0,1,1,1,83,No
742,51,2018-05-14,0,1,0,1,0,1,50,No
743,51,2018-05-23,0,0,0,1,1,1,50,No
744,51,2018-05-31,0,1,0,1,1,0,50,No
745,51,2018-06-04,0,0,1,1,1,1,67,No
746,51,2018-06-11,1,1,1,1,1,1,100,Yes
747,51,2018-06-21,1,1,1,1,0,0,67,No
748,51,2018-06-28,1,1,1,1,0,1,83,No
749,51,2018-07-12,1,1,1,0,0,1,67,No
750,51,2018-08-02,0,0,0,0,0,0,0,No
751,51,2018-08-08,0,0,0,0,0,0,0,No
752,52,2018-03-16,1,1,1,1,1,1,100,Yes
753,52,2018-03-28,1,1,1,1,1,1,100,Yes
754,52,2018-03-29,1,1,1,1,1,1,100,Yes
755,52,2018-04-02,0,1,0,1,1,1,67,No
756,52,2018-04-12,0,1,0,1,1,1,67,No
757,52,2018-04-18,0,1,0,1,0,1,50,No
758,52,2018-04-26,0,0,0,1,1,1,50,No
759,52,2018-05-03,0,0,0,1,1,1,50,No
760,52,2018-05-15,0,0,0,1,1,1,50,No
761,52,2018-05-23,0,0,0,0,0,0,0,No
762,52,2018-06-13,0,0,0,0,0,0,0,No
763,53,2018-04-02,1,1,1,1,1,1,100,Yes
764,53,2018-04-12,1,1,1,1,1,1,100,Yes
765,53,2018-04-25,1,1,1,1,1,1,100,Yes
766,53,2018-04-26,1,1,1,1,1,1,100,Yes
767,53,2018-05-14,0,1,1,1,1,1,83,No
768,53,2018-05-23,1,1,1,1,1,1,100,Yes
769,53,2018-05-31,1,1,1,1,1,0,83,No
770,53,2018-06-04,1,1,1,1,1,1,100,Yes
771,53,2018-06-06,1,1,1,1,1,1,100,Yes
772,53,2018-06-11,1,1,1,0,1,1,83,No
773,53,2018-06-28,1,1,1,1,0,1,83,No
774,53,2018-08-06,0,1,1,0,1,1,67,No
775,53,2018-08-08,0,1,0,0,1,1,50,No
776,53,2018-08-23,1,1,0,1,0,1,67,No
777,53,2018-09-18,1,1,1,1,0,1,83,No
778,53,2018-09-26,1,1,1,1,1,1,100,Yes
779,53,2018-10-08,1,1,1,0,1,1,83,No
780,53,2018-11-06,1,0,1,1,1,1,83,No
781,53,2018-11-07,1,0,1,1,1,1,83,No
782,53,2018-11-19,,,,1,,,17,No
783,53,2018-12-03,1,1,0,1,1,1,83,No
784,54,2018-03-16,1,0,1,0,1,1,67,No
785,54,2018-04-02,1,0,1,1,0,1,67,No
786,54,2018-04-05,1,1,1,1,1,1,100,Yes
787,54,2018-04-18,1,1,1,1,1,1,100,Yes
788,54,2018-04-26,1,1,1,1,1,1,100,Yes
789,54,2018-05-14,0,1,1,0,1,1,67,No
790,54,2018-05-23,0,0,0,1,0,1,33,No
791,54,2018-05-31,0,0,0,1,1,1,50,No
792,54,2018-06-04,0,0,1,1,1,1,67,No
793,54,2018-06-11,1,1,1,0,1,1,83,No
794,54,2018-06-12,1,1,1,1,1,1,100,Yes
795,54,2018-06-21,1,1,1,0,0,1,67,No
796,54,2018-06-28,1,1,1,0,0,1,67,No
797,54,2018-07-12,0,1,1,0,0,1,50,No
798,54,2018-08-06,0,0,0,0,1,1,33,No
799,55,2018-03-16,1,0,1,0,1,1,67,No
800,55,2018-04-02,1,0,1,1,0,1,67,No
801,55,2018-04-05,1,1,1,1,1,1,100,Yes
802,55,2018-04-12,1,1,1,1,1,1,100,Yes
803,55,2018-04-18,1,1,1,1,1,1,100,Yes
804,55,2018-04-26,0,1,0,1,0,1,50,No
805,55,2018-05-03,0,1,0,1,1,1,67,No
806,55,2018-05-16,0,0,1,1,1,1,67,No
807,55,2018-05-23,1,1,0,1,0,1,67,No
808,55,2018-05-31,0,1,0,1,1,1,67,No
809,55,2018-06-04,0,0,1,1,1,1,67,No
810,55,2018-06-11,1,1,1,0,1,1,83,No
811,55,2018-06-21,1,1,1,0,0,1,67,No
812,55,2018-06-28,0,1,0,0,0,1,33,No
813,55,2018-07-12,0,0,0,0,0,0,0,No
814,56,2018-04-05,1,1,1,1,1,1,100,Yes
815,56,2018-04-12,1,1,1,1,1,1,100,Yes
816,56,2018-04-26,0,1,1,1,1,1,83,No
817,56,2018-05-14,1,1,1,1,1,1,100,Yes
818,56,2018-05-23,1,1,1,1,0,1,83,No
819,56,2018-06-13,1,1,1,1,1,0,83,No
820,56,2018-06-26,1,1,1,1,1,0,83,No
821,56,2018-08-02,1,1,1,0,1,1,83,No
822,56,2018-09-04,1,1,1,1,1,0,83,No
823,56,2018-09-19,0,1,0,1,1,1,67,No
824,56,2018-09-27,0,1,0,1,1,1,67,No
825,56,2018-10-08,1,1,1,1,0,1,83,No
826,56,2018-10-15,1,1,1,1,0,1,83,No
827,56,2018-10-30,1,1,1,1,1,1,100,Yes
828,56,2018-11-07,1,1,1,1,1,0,83,No
829,56,2018-11-19,,,,1,,,17,No
830,56,2018-12-03,1,1,1,1,1,1,100,Yes
831,57,2018-04-04,1,1,1,1,1,1,100,Yes
832,57,2018-04-12,1,1,1,1,1,1,100,Yes
833,57,2018-04-18,0,1,0,1,0,1,50,No
834,57,2018-04-23,0,1,0,1,1,1,67,No
835,57,2018-04-26,0,1,1,1,1,1,83,No
836,57,2018-05-03,0,1,0,1,1,1,67,No
837,57,2018-05-16,0,0,0,1,1,1,50,No
838,57,2018-05-23,0,0,0,1,1,1,50,No
839,57,2018-05-31,0,0,0,0,0,0,0,No
840,58,2018-04-04,0,0,1,1,1,1,67,No
841,58,2018-04-12,1,1,0,1,1,1,83,No
842,58,2018-04-18,1,1,1,1,1,1,100,Yes
843,58,2018-04-23,0,1,0,1,1,1,67,No
844,58,2018-04-26,0,1,0,1,1,1,67,No
845,58,2018-05-03,0,0,0,1,1,1,50,No
846,58,2018-05-14,0,0,0,0,1,1,33,No
847,58,2018-05-18,0,0,0,0,0,0,0,No
848,58,2018-06-11,0,0,0,0,0,0,0,No
849,59,2018-04-04,0,0,0,1,1,1,50,No
850,59,2018-04-12,0,0,0,1,1,1,50,No
851,59,2018-04-18,0,0,0,1,0,1,33,No
852,59,2018-04-26,0,0,0,1,0,1,33,No
853,60,2018-04-04,1,1,1,1,1,1,100,Yes
854,60,2018-04-10,0,1,0,1,1,0,50,No
855,60,2018-04-19,0,1,0,1,1,1,67,No
856,60,2018-04-26,0,0,0,1,1,1,50,No
857,60,2018-05-03,0,0,0,1,0,1,33,No
858,60,2018-05-15,0,0,0,1,1,1,50,No
859,60,2018-05-15,0,0,0,1,1,1,50,No
860,61,2018-04-12,0,0,0,1,1,1,50,No
861,61,2018-04-19,0,0,0,1,1,1,50,No
862,61,2018-04-26,1,1,1,1,1,1,100,Yes
863,61,2018-05-14,1,1,1,1,1,1,100,Yes
864,61,2018-05-31,1,1,1,1,1,0,83,No
865,61,2018-06-04,1,1,1,1,1,1,100,Yes
866,61,2018-06-11,1,1,1,1,1,1,100,Yes
867,61,2018-06-26,1,1,1,1,1,1,100,Yes
868,61,2018-07-31,0,1,0,1,1,1,67,No
869,61,2018-08-06,1,1,1,1,1,1,100,Yes
870,61,2018-09-05,1,1,1,1,1,1,100,Yes
871,61,2018-09-19,1,1,1,1,1,1,100,Yes
872,61,2018-09-27,1,1,1,1,1,1,100,Yes
873,61,2018-10-08,1,1,1,1,1,1,100,Yes
874,61,2018-10-30,1,1,1,1,1,1,100,Yes
875,61,2018-11-07,1,1,1,0,1,1,83,No
876,61,2018-11-19,,,,,,,0,No
877,61,2018-12-03,1,1,0,1,1,1,83,No
878,62,2018-04-18,0,0,0,1,1,1,50,No
879,62,2018-04-19,0,0,0,1,1,1,50,No
880,62,2018-04-24,0,1,0,1,1,0,50,No
881,63,2018-04-05,1,0,1,1,1,1,83,No
882,63,2018-04-12,1,0,1,1,1,1,83,No
883,63,2018-04-19,1,0,1,1,1,1,83,No
884,63,2018-04-23,1,1,1,1,1,1,100,Yes
885,63,2018-04-26,1,1,1,1,1,1,100,Yes
886,63,2018-05-14,0,1,0,1,0,1,50,No
887,63,2018-05-23,0,0,1,1,1,1,67,No
888,63,2018-05-31,0,1,0,1,0,1,50,No
889,63,2018-06-04,0,0,1,1,1,1,67,No
890,63,2018-06-11,1,1,1,0,0,1,67,No
891,63,2018-06-21,1,1,1,0,0,1,67,No
892,63,2018-06-28,1,1,1,0,0,1,67,No
893,63,2018-07-12,0,0,0,0,0,0,0,No
894,64,2018-04-26,1,1,1,1,1,1,100,Yes
895,64,2018-05-03,1,1,1,1,1,1,100,Yes
896,64,2018-05-16,1,1,1,1,1,1,100,Yes
897,64,2018-05-23,0,1,0,1,1,1,67,No
898,64,2018-05-31,0,1,1,1,1,1,83,No
899,64,2018-06-04,0,1,0,1,1,1,67,No
900,64,2018-06-06,0,1,0,1,1,1,67,No
901,64,2018-06-11,1,1,1,1,1,1,100,Yes
902,64,2018-06-21,1,1,1,1,0,0,67,No
903,64,2018-06-28,1,1,1,1,1,1,100,Yes
904,64,2018-07-12,0,0,0,0,0,0,0,No
905,65,2018-06-06,1,1,1,1,1,1,100,Yes
906,65,2018-06-11,1,1,1,1,1,1,100,Yes
907,65,2018-06-21,0,1,0,1,1,1,67,No
908,65,2018-06-26,0,1,0,1,1,1,67,No
909,65,2018-07-12,0,1,0,0,1,1,50,No
910,65,2018-07-31,0,0,0,0,0,0,0,No
911,66,2018-06-11,1,1,1,1,1,1,100,Yes
912,66,2018-06-21,1,1,1,0,1,0,67,No
913,66,2018-06-28,1,1,1,1,1,1,100,Yes
914,66,2018-07-12,1,1,1,0,1,1,83,No
915,66,2018-08-02,1,1,1,0,0,1,67,No
916,66,2018-08-08,1,1,1,1,1,1,100,Yes
917,66,2018-08-23,0,0,0,0,1,1,33,No
918,66,2018-09-18,1,1,1,1,1,1,100,Yes
919,66,2018-09-26,1,1,1,1,1,1,100,Yes
920,66,2018-10-08,1,1,1,1,1,1,100,Yes
921,66,2018-10-30,0,1,0,1,0,1,50,No
922,66,2018-11-07,0,1,1,0,1,0,50,No
923,66,2018-11-19,,,,1,,,17,No
924,66,2018-12-03,1,1,0,1,1,1,83,No
925,67,2018-07-12,1,1,1,1,1,0,83,No
926,67,2018-07-31,1,1,1,1,1,1,100,Yes
927,67,2018-09-05,1,1,1,1,0,1,83,No
928,67,2018-09-19,1,1,1,1,1,1,100,Yes
929,67,2018-09-27,1,1,1,1,1,1,100,Yes
930,67,2018-10-08,1,1,1,1,1,1,100,Yes
931,67,2018-10-30,1,1,1,1,1,0,83,No
932,67,2018-11-07,1,1,1,1,1,0,83,No
933,67,2018-11-19,,,,1,,,17,No
934,67,2018-12-03,1,1,1,1,1,1,100,Yes
935,68,2018-08-27,0,1,0,1,1,1,67,No
936,68,2018-08-29,0,1,0,1,1,1,67,No
937,68,2018-09-04,0,1,0,1,0,1,50,No
938,68,2018-09-12,0,1,0,1,1,1,67,No
939,68,2018-09-18,0,1,0,1,0,1,50,No
940,68,2018-09-19,1,1,0,1,0,1,67,No
941,68,2018-09-26,0,1,0,1,1,1,67,No
942,68,2018-10-01,0,0,0,1,1,1,50,No
943,68,2018-10-08,0,0,0,1,1,1,50,No
944,68,2018-10-11,0,0,0,1,1,1,50,No
945,68,2018-10-15,0,0,0,1,1,1,50,No
946,68,2018-10-18,0,0,0,1,1,1,50,No
947,69,2018-09-04,1,1,1,1,1,1,100,Yes
948,69,2018-09-18,1,1,1,1,1,1,100,Yes
949,69,2018-09-26,1,1,1,0,1,1,83,No
950,69,2018-10-08,1,1,1,0,1,1,83,No
951,69,2018-11-06,1,0,1,1,1,1,83,No
952,69,2018-11-07,1,1,1,1,1,1,100,Yes
953,69,2018-11-19,,,,1,1,1,50,No
954,69,2018-12-03,1,1,1,1,1,1,100,Yes
955,70,2016-04-21,0,1,1,1,0,1,67,No
956,70,2016-04-28,0,0,0,1,0,1,33,No
957,70,2016-05-02,1,1,0,1,1,1,83,No
958,70,2016-05-09,1,1,1,1,1,1,100,Yes
959,70,2016-05-24,1,1,1,1,1,1,100,Yes
960,70,2016-06-15,0,0,0,1,0,1,33,No
961,70,2016-06-27,0,0,0,0,0,0,0,No
962,70,2016-08-11,0,0,0,0,0,1,17,No
963,70,2016-08-15,1,0,1,1,0,1,67,No
964,70,2016-08-16,1,1,1,1,1,1,100,Yes
965,70,2016-08-24,1,1,1,1,1,1,100,Yes
966,70,2016-08-30,1,1,1,1,1,1,100,Yes
967,70,2016-10-12,1,1,1,0,1,1,83,No
968,70,2016-10-26,1,1,1,1,1,1,100,Yes
969,70,2017-02-23,1,1,1,1,1,1,100,Yes
970,70,2017-03-21,1,1,1,1,1,1,100,Yes
971,70,2017-04-17,0,0,0,1,1,1,50,No
972,71,2016-04-21,1,1,1,1,1,1,100,Yes
973,71,2016-04-28,1,1,1,1,1,1,100,Yes
974,71,2016-05-24,1,1,1,1,1,1,100,Yes
975,71,2016-06-15,1,1,1,1,1,1,100,Yes
976,71,2016-07-27,1,1,1,1,1,1,100,Yes
977,71,2016-08-02,1,1,1,1,1,1,100,Yes
978,71,2016-08-17,1,1,1,1,0,1,83,No
979,71,2016-08-30,1,1,1,1,1,1,100,Yes
980,71,2016-09-27,1,1,1,1,0,1,83,No
981,71,2016-10-12,1,1,1,1,1,1,100,Yes
982,71,2016-10-26,1,1,1,1,1,1,100,Yes
983,71,2017-02-23,0,0,0,0,0,0,0,No
984,71,2017-03-20,0,1,0,1,1,1,67,No
985,72,2016-03-29,1,1,1,1,1,1,100,Yes
986,72,2016-04-28,1,1,1,1,1,1,100,Yes
987,72,2016-05-09,0,1,0,1,1,1,67,No
988,72,2016-05-24,1,1,1,1,1,1,100,Yes
989,72,2016-06-16,1,1,1,1,1,1,100,Yes
990,72,2016-08-17,1,1,1,1,1,1,100,Yes
991,72,2016-08-30,1,1,1,1,1,1,100,Yes
992,72,2016-10-12,1,1,1,1,1,1,100,Yes
993,72,2016-10-26,1,1,1,1,1,1,100,Yes
994,72,2017-02-23,0,1,1,1,1,1,83,No
995,72,2017-03-21,1,1,1,1,1,0,83,No
996,72,2017-04-17,1,1,1,1,1,1,100,Yes
997,73,2016-03-29,1,1,1,1,1,1,100,Yes
998,73,2016-04-28,1,1,1,1,1,1,100,Yes
999,73,2016-05-09,0,1,1,1,1,1,83,No
1000,73,2016-05-24,0,1,0,1,0,1,50,No
1001,73,2016-06-08,0,1,0,1,0,1,50,No
1002,73,2016-06-15,0,1,1,1,1,1,83,No
1003,73,2016-06-27,1,1,1,1,1,1,100,Yes
1004,73,2016-07-01,1,1,1,1,1,1,100,Yes
1005,73,2016-07-19,1,1,1,0,1,1,83,No
1006,73,2016-08-02,1,1,1,1,1,1,100,Yes
1007,73,2016-08-30,1,1,1,1,1,1,100,Yes
1008,73,2016-10-12,1,1,1,1,1,1,100,Yes
1009,73,2016-10-26,1,1,1,1,1,1,100,Yes
1010,73,2017-02-22,0,0,0,1,0,1,33,No
1011,73,2017-04-17,0,0,0,1,1,1,50,No
1012,74,2016-03-29,1,1,1,1,1,1,100,Yes
1013,74,2016-04-28,1,1,1,1,1,1,100,Yes
1014,74,2016-05-09,0,1,0,1,0,1,50,No
1015,74,2016-05-24,0,1,1,1,1,1,83,No
1016,74,2016-06-16,0,1,0,1,0,1,50,No
1017,74,2016-06-27,1,1,1,1,1,1,100,Yes
1018,74,2016-07-19,1,1,1,0,1,1,83,No
1019,74,2016-07-27,0,1,0,0,0,1,33,No
1020,74,2016-08-02,1,1,1,1,1,1,100,Yes
1021,74,2016-08-11,1,1,1,1,0,1,83,No
1022,74,2017-04-12,1,1,0,1,1,1,83,No
1023,74,2017-04-14,0,1,0,1,1,1,67,No
1024,75,2016-03-09,1,1,1,1,1,1,100,Yes
1025,75,2016-03-29,1,1,1,1,1,1,100,Yes
1026,75,2016-04-27,1,1,1,1,1,1,100,Yes
1027,75,2016-05-10,1,1,1,1,1,1,100,Yes
1028,75,2016-05-24,1,1,1,1,1,1,100,Yes
1029,75,2016-06-15,1,1,1,1,1,1,100,Yes
1030,75,2016-07-19,1,1,1,1,1,1,100,Yes
1031,75,2016-08-16,1,1,1,1,1,1,100,Yes
1032,75,2016-08-24,1,1,1,1,1,1,100,Yes
1033,75,2016-10-13,1,1,1,1,1,1,100,Yes
1034,75,2016-10-26,1,1,1,1,1,1,100,Yes
1035,75,2017-02-22,0,0,0,0,0,1,17,No
1036,75,2017-03-20,1,1,0,1,1,1,83,No
1037,75,2017-03-27,1,1,0,0,1,1,67,No
1038,75,2017-04-17,1,1,0,1,1,1,83,No
1039,76,2016-03-29,1,1,1,1,1,1,100,Yes
1040,76,2016-04-27,1,1,1,1,1,1,100,Yes
1041,76,2016-06-16,1,1,1,1,1,1,100,Yes
1042,76,2016-08-16,0,0,0,1,0,0,17,No
1043,76,2016-08-24,0,0,0,0,0,1,17,No
1044,76,2017-04-04,1,1,1,1,1,1,100,Yes
1045,76,2017-04-17,1,1,1,1,1,1,100,Yes
1046,77,2016-03-20,1,1,1,1,1,1,100,Yes
1047,77,2016-04-27,1,1,1,1,1,1,100,Yes
1048,77,2016-05-10,1,1,1,1,0,0,67,No
1049,77,2016-05-24,1,1,1,1,1,1,100,Yes
1050,77,2016-06-08,1,1,1,1,1,1,100,Yes
1051,77,2016-06-16,1,1,0,1,0,0,50,No
1052,77,2016-06-27,1,1,1,1,1,1,100,Yes
1053,77,2016-08-16,1,1,1,1,1,1,100,Yes
1054,77,2016-08-24,1,1,1,1,1,1,100,Yes
1055,77,2016-10-13,0,0,0,0,1,1,33,No
1056,77,2016-10-26,0,0,1,0,1,1,50,No
1057,77,2016-10-26,1,0,1,0,1,1,67,No
1058,77,2016-12-07,0,0,0,0,0,0,0,No
1059,77,2017-03-21,0,0,1,1,1,1,67,No
1060,77,2017-03-27,0,0,1,0,1,1,50,No
1061,77,2017-04-17,1,1,1,1,1,1,100,Yes
1062,78,2016-03-31,1,1,1,1,1,1,100,Yes
1063,78,2016-04-29,1,1,1,1,1,1,100,Yes
1064,78,2016-05-10,1,1,1,1,1,1,100,Yes
1065,78,2016-05-24,1,1,1,1,1,1,100,Yes
1066,78,2016-06-08,0,1,0,1,0,1,50,No
1067,78,2016-06-16,0,1,0,1,0,1,50,No
1068,78,2016-06-27,0,1,0,1,0,1,50,No
1069,78,2016-08-16,0,0,0,0,0,0,0,No
1070,78,2017-04-11,1,1,1,1,1,1,100,Yes
1071,79,2016-03-31,1,1,1,1,1,1,100,Yes
1072,79,2016-04-28,1,1,1,1,1,1,100,Yes
1073,79,2016-06-16,1,1,1,1,1,1,100,Yes
1074,79,2017-03-27,1,1,1,1,0,1,83,No
1075,80,2016-03-01,1,1,1,1,1,1,100,Yes
1076,80,2016-03-13,0,1,0,1,1,0,50,No
1077,80,2016-03-24,1,1,1,1,1,1,100,Yes
1078,80,2016-03-24,1,1,0,1,1,1,83,No
1079,80,2016-04-11,0,1,0,1,0,1,50,No
1080,80,2016-04-21,0,1,1,1,1,1,83,No
1081,80,2016-04-28,1,1,1,1,1,1,100,Yes
1082,80,2016-05-10,1,1,1,1,1,1,100,Yes
1083,80,2016-06-08,1,1,1,1,1,1,100,Yes
1084,80,2016-06-16,1,1,1,1,1,1,100,Yes
1085,80,2016-07-01,1,1,1,1,1,1,100,Yes
1086,80,2016-07-01,1,1,1,1,1,1,100,Yes
1087,80,2016-07-27,0,1,0,1,0,0,33,No
1088,80,2016-08-02,1,1,1,1,0,1,83,No
1089,80,2016-08-16,1,1,1,0,1,1,83,No
1090,80,2016-08-24,1,1,1,1,1,1,100,Yes
1091,80,2016-10-26,1,1,1,1,1,1,100,Yes
1092,80,2017-02-23,1,1,0,1,0,1,67,No
1093,80,2017-03-27,1,1,1,1,1,1,100,Yes
1094,81,2016-03-31,1,1,1,1,1,1,100,Yes
1095,81,2016-04-28,1,1,1,1,1,1,100,Yes
1096,81,2016-05-10,1,1,1,1,1,1,100,Yes
1097,81,2016-06-16,1,1,1,1,1,1,100,Yes
1098,81,2016-08-16,1,1,1,1,1,1,100,Yes
1099,81,2016-08-24,1,1,1,1,1,1,100,Yes
1100,82,2016-03-31,1,0,0,1,1,1,67,No
1101,82,2016-04-11,1,0,1,1,1,1,83,No
1102,82,2016-04-28,1,1,1,1,1,1,100,Yes
1103,82,2016-05-10,1,1,1,1,1,1,100,Yes
1104,82,2016-06-16,1,1,1,1,1,1,100,Yes
1105,82,2016-08-16,1,1,1,1,1,1,100,Yes
1106,82,2016-08-24,1,1,1,1,1,1,100,Yes
1107,82,2016-10-13,1,1,1,1,1,1,100,Yes
1108,82,2016-10-26,1,1,1,1,1,1,100,Yes
1109,82,2017-02-23,0,1,1,1,1,1,83,No
1110,83,2016-03-08,0,0,0,0,0,0,0,No
1111,83,2016-04-21,0,1,0,0,0,1,33,No
1112,83,2016-04-27,1,1,1,1,1,1,100,Yes
1113,83,2016-05-09,0,1,0,1,0,1,50,No
1114,83,2016-05-25,0,1,0,1,0,1,50,No
1115,83,2016-06-16,1,1,1,1,1,1,100,Yes
1116,83,2016-08-24,1,1,1,1,0,0,67,No
1117,83,2016-09-01,0,1,0,1,1,1,67,No
1118,83,2016-10-13,0,0,0,1,1,1,50,No
1119,83,2016-10-26,0,0,0,1,1,1,50,No
1120,84,2016-03-08,1,1,1,1,1,1,100,Yes
1121,84,2016-03-31,1,1,1,1,1,1,100,Yes
1122,84,2016-04-11,1,1,1,1,1,1,100,Yes
1123,84,2016-04-27,1,1,1,1,1,1,100,Yes
1124,84,2016-06-16,1,1,1,1,1,1,100,Yes
1125,84,2016-07-27,1,1,1,0,0,1,67,No
1126,84,2016-08-02,1,1,1,1,0,1,83,No
1127,84,2016-08-24,1,1,1,1,1,1,100,Yes
1128,84,2016-09-01,1,1,1,1,1,1,100,Yes
1129,84,2016-10-13,1,1,1,1,1,1,100,Yes
1130,84,2016-10-27,1,1,1,1,1,1,100,Yes
1131,84,2017-02-23,1,1,1,1,1,1,100,Yes
1132,84,2017-04-04,1,1,1,1,1,1,100,Yes
1133,85,2016-03-08,1,1,1,1,1,1,100,Yes
1134,85,2016-03-08,1,1,0,1,0,1,67,No
1135,85,2016-03-13,0,0,0,1,1,1,50,No
1136,85,2016-04-11,0,0,0,1,0,1,33,No
1137,85,2016-04-27,0,1,0,1,0,1,50,No
1138,85,2016-05-10,1,1,0,1,0,1,67,No
1139,85,2016-05-24,1,1,1,1,1,1,100,Yes
1140,85,2016-06-16,0,1,0,1,0,0,33,No
1141,85,2016-06-27,0,1,0,1,0,1,50,No
1142,85,2016-08-24,1,1,1,1,0,1,83,No
1143,85,2016-09-01,1,1,1,1,1,1,100,Yes
1144,85,2016-09-07,1,1,1,1,1,1,100,Yes
1145,85,2017-04-04,1,1,1,1,1,1,100,Yes
1146,86,2016-03-09,1,1,1,1,1,1,100,Yes
1147,86,2016-03-31,1,1,1,1,1,1,100,Yes
1148,86,2016-04-27,1,1,1,1,1,1,100,Yes
1149,86,2016-05-10,1,1,1,1,1,1,100,Yes
1150,86,2016-06-16,1,1,1,1,1,1,100,Yes
1151,86,2016-07-19,1,1,1,1,1,1,100,Yes
1152,86,2016-08-02,1,1,1,1,1,1,100,Yes
1153,86,2016-08-22,1,1,1,1,1,1,100,Yes
1154,86,2016-09-01,1,1,1,1,1,1,100,Yes
1155,86,2016-10-13,1,1,1,1,1,1,100,Yes
1156,86,2016-10-27,1,1,1,1,1,1,100,Yes
1157,86,2017-02-23,1,1,1,1,1,1,100,Yes
1158,86,2017-04-04,1,1,1,1,1,1,100,Yes
1159,86,2017-04-10,1,1,0,1,1,1,83,No
1160,87,2016-03-09,1,1,1,1,1,1,100,Yes
1161,87,2016-03-31,1,0,1,1,1,1,83,No
1162,87,2016-04-27,1,1,1,1,1,1,100,Yes
1163,87,2016-05-12,1,1,1,1,1,1,100,Yes
1164,87,2016-05-26,1,1,1,1,1,1,100,Yes
1165,87,2016-06-16,1,1,1,1,1,1,100,Yes
1166,87,2016-08-17,0,0,0,1,0,1,33,No
1167,87,2016-08-24,0,1,0,0,1,1,50,No
1168,87,2016-09-01,1,1,1,1,1,1,100,Yes
1169,87,2016-10-27,1,1,1,1,1,1,100,Yes
1170,87,2017-02-24,1,1,1,1,0,1,83,No
1171,87,2017-04-04,1,1,1,1,1,1,100,Yes
1172,88,2016-03-09,1,1,1,1,1,1,100,Yes
1173,88,2016-03-31,1,1,1,1,1,0,83,No
1174,88,2016-04-27,1,1,1,1,1,0,83,No
1175,88,2016-06-16,1,1,1,1,1,1,100,Yes
1176,88,2016-07-19,0,1,0,1,1,0,50,No
1177,88,2016-07-19,0,1,0,1,1,0,50,No
1178,88,2016-07-27,0,0,0,0,0,1,17,No
1179,88,2016-08-02,0,0,0,0,0,1,17,No
1180,88,2016-08-24,0,0,0,0,0,1,17,No
1181,88,2017-04-11,0,0,0,1,1,1,50,No
1182,89,2016-03-08,1,1,1,1,1,1,100,Yes
1183,89,2016-03-31,1,1,1,1,1,0,83,No
1184,89,2016-04-21,1,1,1,1,1,1,100,Yes
1185,89,2016-04-27,1,1,1,1,1,1,100,Yes
1186,89,2016-06-16,0,0,0,0,0,0,0,No
1187,90,2016-03-08,0,0,0,1,0,1,33,No
1188,90,2016-04-21,0,0,0,1,0,1,33,No
1189,90,2016-06-16,0,0,0,0,0,1,17,No
1190,90,2016-06-27,0,0,0,0,0,0,0,No
1191,91,2016-03-08,1,1,0,1,0,1,67,No
1192,91,2016-03-31,0,0,0,1,0,1,33,No
1193,91,2016-04-21,0,1,0,0,0,1,33,No
1194,91,2016-04-27,1,1,0,1,0,1,67,No
1195,91,2016-05-12,1,1,1,1,1,1,100,Yes
1196,91,2016-05-26,1,1,1,1,1,1,100,Yes
1197,91,2016-06-16,1,1,1,1,1,1,100,Yes
1198,91,2016-07-19,0,0,0,0,0,0,0,No
1199,91,2016-07-19,0,0,0,0,0,0,0,No
1200,91,2016-07-19,0,0,0,0,0,0,0,No
1201,91,2017-03-27,0,1,0,1,0,1,50,No
1202,91,2017-04-11,0,0,0,1,1,1,50,No
1203,92,2017-05-10,0,0.5,0,1,0,1,42,No
1204,92,2017-05-25,0,1,0,1,1,1,67,No
1205,92,2017-06-07,0,1,0,1,0,1,50,No
1206,92,2017-06-13,0,1,0,1,1,1,67,No
1207,92,2017-07-06,0,0,0,1,1,1,50,No
1208,92,2017-07-12,0,1,1,0,1,1,67,No
1209,92,2017-07-18,0,1,0,1,0,0,33,No
1210,92,2017-07-25,0,0,0,0,0,1,17,No
1211,92,2017-07-27,0,0,1,1,1,1,67,No
1212,92,2017-08-03,0,1,0,0,0,0,17,No
1213,92,2017-08-22,0,0,0,0,1,1,33,No
1214,92,2017-08-28,0,1,0,1,1,1,67,No
1215,92,2017-08-30,0,1,0,0,1,1,50,No
1216,92,2017-09-07,0,0,0,0,0,0,0,No
1217,92,2017-09-11,0,0,0,0,1,1,33,No
1218,92,2017-09-26,0,0,0,0,0,0,0,No
1219,92,2017-10-03,0,0,0,0,0,0,0,No
1220,93,2017-05-25,1,1,1,1,1,1,100,Yes
1221,93,2017-08-30,1,1,1,1,1,1,100,Yes
1222,93,2017-09-12,1,1,1,1,0,1,83,No
1223,93,2017-10-02,0,1,1,0,0,1,50,No
1224,93,2017-10-05,1,1,1,1,0,0,67,No
1225,94,2017-05-10,1,1,1,1,1,1,100,Yes
1226,94,2017-05-25,1,1,1,1,1,1,100,Yes
1227,94,2017-06-07,1,1,1,1,0,1,83,No
1228,94,2017-07-06,1,1,1,0,1,1,83,No
1229,94,2017-07-18,1,1,1,1,0,1,83,No
1230,94,2017-07-27,1,1,1,1,0,1,83,No
1231,94,2017-08-03,1,1,1,1,1,1,100,Yes
1232,94,2017-08-22,1,1,1,1,1,1,100,Yes
1233,94,2017-08-30,1,1,1,1,0,1,83,No
1234,94,2017-09-07,1,1,1,1,1,1,100,Yes
1235,94,2017-09-26,1,1,1,1,0,0,67,No
1236,94,2017-10-04,1,1,1,1,1,1,100,Yes
1237,94,2017-10-12,1,1,1,1,1,1,100,Yes
1238,94,2017-10-18,1,1,1,1,0,1,83,No
1239,94,2017-11-02,1,1,1,1,0,1,83,No
1240,95,2017-05-10,0,0,0,1,0,1,33,No
1241,95,2017-05-25,0,1,0,1,1,1,67,No
1242,95,2017-06-07,0,1,0,1,1,1,67,No
1243,95,2017-07-06,0,0,0,1,1,1,50,No
1244,95,2017-07-18,0,1,1,1,0,0,50,No
1245,95,2017-07-25,1,1,1,0,1,1,83,No
1246,95,2017-08-03,1,0,1,0,1,0,50,No
1247,95,2017-08-22,1,1,1,0,0,1,67,No
1248,95,2017-08-30,0,0,0,1,0,1,33,No
1249,95,2017-09-07,1,0,1,0,1,0,50,No
1250,95,2017-09-26,0,0,1,0,0,0,17,No
1251,95,2017-10-03,0,0,1,0,0,1,33,No
1252,95,2017-10-11,1,0,1,1,0,1,67,No
1253,95,2017-10-18,1,0,1,0,0,1,50,No
1254,95,2017-11-02,0,0,0,0,1,1,33,No
1255,96,2017-08-23,1,1,0,1,1,1,83,No
1256,96,2017-08-30,1,1,1,1,1,1,100,Yes
1257,96,2017-09-07,1,0,1,1,1,0,67,No
1258,96,2017-09-12,1,1,1,0,0,1,67,No
1259,96,2017-10-02,0,1,1,0,0,1,50,No
1260,96,2017-11-02,1,1,1,1,0,1,83,No
1261,97,2017-05-10,0,0.5,0,0,0,0,8,No
1262,97,2017-05-25,0,0,0,0,0,1,17,No
1263,97,2017-06-07,0,0,0,1,1,0,33,No
1264,97,2017-07-06,0,0,0,1,0,1,33,No
1265,97,2017-07-18,0,0,0,0,0,0,0,No
1266,98,2017-06-28,1,1,1,1,1,1,100,Yes
1267,98,2017-07-06,0,0,0,0,0,0,0,No
1268,99,2017-05-10,0,0,1,1,1,0,50,No
1269,99,2017-05-25,1,1,1,1,1,1,100,Yes
1270,99,2017-06-07,1,1,1,1,1,1,100,Yes
1271,99,2017-07-06,1,1,1,0,1,1,83,No
1272,99,2017-07-18,1,1,1,1,0,1,83,No
1273,99,2017-07-25,1,1,1,1,1,1,100,Yes
1274,99,2017-08-03,1,1,1,1,1,0,83,No
1275,99,2017-08-22,1,1,1,1,0,1,83,No
1276,99,2017-08-30,1,1,0,1,1,1,83,No
1277,99,2017-09-26,0,0,0,0,0,0,0,No
1278,99,2017-10-02,0,0,0,0,0,0,0,No
1279,100,2017-05-08,0,1,0,1,1,1,67,No
1280,100,2017-05-17,0,1,0,1,1,1,67,No
1281,100,2017-05-25,0,1,0,1,1,1,67,No
1282,100,2017-06-07,1,0,1,1,1,1,83,No
1283,100,2017-07-06,1,1,1,0,1,1,83,No
1284,100,2017-07-12,1,1,1,1,1,1,100,Yes
1285,100,2017-07-18,0,0,1,1,0,0,33,No
1286,100,2017-07-27,1,1,1,1,1,1,100,Yes
1287,100,2017-08-03,1,1,1,0,0,1,67,No
1288,100,2017-08-22,1,1,1,1,0,1,83,No
1289,100,2017-08-30,1,1,1,0,1,1,83,No
1290,100,2017-09-07,0,1,1,0,0,1,50,No
1291,100,2017-09-26,0,0,1,0,0,0,17,No
1292,100,2017-10-03,1,1,1,0,1,1,83,No
1293,100,2017-10-18,1,1,1,0,1,1,83,No
1294,100,2017-11-01,0,1,1,0,1,1,67,No
1295,101,2017-05-10,1,1,1,1,1,1,100,Yes
1296,101,2017-05-17,1,1,1,1,1,1,100,Yes
1297,101,2017-05-25,1,1,1,1,1,1,100,Yes
1298,101,2017-06-07,0,1,0,0,0,1,33,No
1299,101,2017-07-06,0,1,0,1,0,1,50,No
1300,101,2017-07-12,1,1,1,1,0,1,83,No
1301,101,2017-07-18,0,1,0,1,0,1,50,No
1302,101,2017-07-27,0,1,0,1,1,1,67,No
1303,101,2017-08-03,0,1,0,1,0,1,50,No
1304,101,2017-08-22,0,0,0,1,0,1,33,No
1305,101,2017-08-28,0,0,0,0,0,1,17,No
1306,101,2017-09-07,0,0,0,0,0,0,0,No
1307,102,2017-05-10,1,1,1,1,1,1,100,Yes
1308,102,2017-05-17,1,1,1,0,1,1,83,No
1309,102,2017-05-25,1,1,1,1,1,1,100,Yes
1310,102,2017-06-07,1,1,1,1,0,1,83,No
1311,102,2017-06-13,1,1,1,0,1,1,83,No
1312,102,2017-06-29,0,1,1,1,1,1,83,No
1313,102,2017-07-06,0,1,0,1,0,1,50,No
1314,102,2017-07-12,0,1,0,1,1,1,67,No
1315,102,2017-07-18,0,0,0,0,0,0,0,No
1316,103,2017-05-10,1,1,1,1,1,1,100,Yes
1317,103,2017-05-17,1,1,1,1,1,1,100,Yes
1318,103,2017-06-07,1,1,1,1,1,1,100,Yes
1319,103,2017-07-06,1,1,1,1,1,1,100,Yes
1320,103,2017-07-18,1,1,1,1,0,1,83,No
1321,103,2017-07-25,1,1,1,1,1,1,100,Yes
1322,103,2017-08-03,1,1,1,1,0,1,83,No
1323,103,2017-08-22,1,1,1,0,0,1,67,No
1324,103,2017-08-28,1,1,1,1,0,1,83,No
1325,103,2017-09-07,1,1,1,1,0,1,83,No
1326,103,2017-09-26,1,1,1,1,0,1,83,No
1327,103,2017-10-04,1,1,1,1,1,1,100,Yes
1328,103,2017-10-18,1,1,1,1,1,1,100,Yes
1329,103,2017-11-01,1,1,1,1,1,1,100,Yes
1330,104,2017-05-10,1,1,1,1,1,1,100,Yes
1331,104,2017-05-17,1,1,1,1,1,1,100,Yes
1332,104,2017-06-07,1,1,1,1,1,1,100,Yes
1333,104,2017-07-06,1,1,1,1,0,1,83,No
1334,104,2017-07-18,1,1,1,1,1,1,100,Yes
1335,104,2017-07-27,1,1,1,1,1,1,100,Yes
1336,104,2017-08-03,1,1,1,1,0,1,83,No
1337,104,2017-08-22,1,1,1,1,0,1,83,No
1338,104,2017-08-30,1,1,1,0,0,1,67,No
1339,104,2017-09-07,1,1,1,1,0,1,83,No
1340,104,2017-09-26,0,1,1,1,0,1,67,No
1341,104,2017-10-03,1,1,1,1,0,1,83,No
1342,104,2017-10-18,1,1,1,1,0,1,83,No
1343,104,2017-11-02,1,1,1,1,0,1,83,No
1344,105,2017-08-30,1,1,1,1,1,1,100,Yes
1345,105,2017-09-12,1,1,1,0,0,1,67,No
1346,105,2017-10-02,1,1,1,1,0,1,83,No
1347,106,2017-05-10,0,1,0,1,1,1,67,No
1348,106,2017-05-17,1,1,1,1,1,1,100,Yes
1349,106,2017-06-07,1,1,1,1,0,1,83,No
1350,106,2017-07-06,1,1,1,1,0,1,83,No
1351,106,2017-07-18,1,1,0,1,0,1,67,No
1352,106,2017-07-27,1,1,1,1,0,1,83,No
1353,106,2017-08-03,1,1,1,1,0,1,83,No
1354,106,2017-08-22,1,1,1,1,0,1,83,No
1355,106,2017-08-28,1,1,1,1,0,1,83,No
1356,106,2017-08-30,1,1,1,1,0,1,83,No
1357,106,2017-09-07,1,1,1,1,0,1,83,No
1358,106,2017-09-26,1,1,1,1,0,0,67,No
1359,106,2017-10-05,1,1,1,1,0,1,83,No
1360,106,2017-10-18,1,1,1,1,0,1,83,No
1361,106,2017-11-02,1,1,1,1,0,1,83,No
1362,107,2017-10-18,1,1,1,1,0,1,83,No
1363,108,2017-05-10,1,1,1,1,0,1,83,No
1364,108,2017-05-17,1,1,1,1,1,1,100,Yes
1365,108,2017-06-07,1,1,1,1,1,0,83,No
1366,108,2017-07-06,0,1,1,1,1,1,83,No
1367,108,2017-07-18,0,1,1,1,0,1,67,No
1368,108,2017-07-27,1,1,1,1,0,1,83,No
1369,108,2017-08-03,1,1,1,1,0,0.5,75,No
1370,108,2017-08-22,1,1,1,1,0,1,83,No
1371,108,2017-08-28,1,1,1,1,1,1,100,Yes
1372,108,2017-08-30,1,1,1,1,0,1,83,No
1373,108,2017-09-07,1,1,1,1,0,0,67,No
1374,108,2017-09-26,1,1,1,1,0,0,67,No
1375,108,2017-10-03,1,1,1,1,1,1,100,Yes
1376,108,2017-11-02,1,1,1,1,0,1,83,No
1377,109,2017-05-01,1,1,1,1,1,1,100,Yes
1378,109,2017-05-08,0,1,0,1,1,1,67,No
1379,109,2017-06-07,1,1,1,1,0,1,83,No
1380,109,2017-07-07,1,1,1,0,0,1,67,No
1381,109,2017-07-12,1,1,1,1,1,1,100,Yes
1382,109,2017-07-18,1,1,1,0,0,1,67,No
1383,109,2017-07-27,1,1,1,1,0,1,83,No
1384,109,2017-08-03,1,1,1,0,0,1,67,No
1385,109,2017-08-22,1,1,1,1,0,1,83,No
1386,109,2017-08-28,1,1,1,1,0,1,83,No
1387,109,2017-08-31,1,1,1,1,0,1,83,No
1388,109,2017-09-07,1,1,1,0,0,1,67,No
1389,109,2017-09-26,1,1,1,1,0,0,67,No
1390,109,2017-10-04,1,1,1,1,0,1,83,No
1391,109,2017-10-19,1,1,1,1,0,1,83,No
1392,109,2017-11-01,1,1,1,0,0,1,67,No
1393,110,2017-05-01,1,1,1,1,1,1,100,Yes
1394,110,2017-05-08,1,1,1,1,1,1,100,Yes
1395,110,2017-06-07,1,1,1,1,1,0,83,No
1396,110,2017-07-07,1,1,1,0,0,1,67,No
1397,110,2017-07-18,1,1,1,1,0,1,83,No
1398,110,2017-07-27,1,1,1,1,0,1,83,No
1399,110,2017-08-03,1,1,1,1,0,1,83,No
1400,110,2017-08-22,1,1,1,1,0,1,83,No
1401,110,2017-08-30,1,1,0,1,0,1,67,No
1402,110,2017-09-07,1,1,1,0,0,1,67,No
1403,110,2017-09-26,0,0,1,1,0,0,33,No
1404,110,2017-10-04,0,1,0,1,0,1,50,No
1405,110,2017-10-19,1,1,1,0,0,1,67,No
1406,110,2017-11-01,0,1,1,0,1,1,67,No
1407,111,2017-05-01,0,1,0,1,1,1,67,No
1408,111,2017-06-07,0,0,0,1,0,1,33,No
1409,111,2017-07-06,0,0,0,0,0,0,0,No
1410,112,2017-05-04,1,1,1,1,1,1,100,Yes
1411,112,2017-06-07,1,1,1,1,0,1,83,No
1412,112,2017-07-07,1,1,1,0,1,0,67,No
1413,112,2017-07-18,0,1,1,0,0,0,33,No
1414,112,2017-07-27,1,1,1,1,0,1,83,No
1415,112,2017-08-03,0,1,0,0,0,1,33,No
1416,112,2017-08-22,1,1,1,1,0,1,83,No
1417,112,2017-08-25,1,1,1,1,0,1,83,No
1418,112,2017-08-30,1,1,1,1,0,1,83,No
1419,112,2017-09-07,1,1,1,0,0,1,67,No
1420,112,2017-09-26,0,1,0,1,0,0,33,No
1421,112,2017-10-04,0,1,0,1,0,1,50,No
1422,112,2017-10-11,0,0,1,1,0,1,50,No
1423,112,2017-10-19,0,0,0,1,0,1,33,No
1424,112,2017-11-01,0,0,1,1,1,1,67,No
1425,112,2017-11-06,0,1,0,1,1,1,67,No
1426,112,2017-11-16,1,1,1,1,1,1,100,Yes
1427,113,2017-05-04,0,0,0,1,0,1,33,No
1428,114,2017-05-04,0,1,0,1,1,1,67,No
1429,114,2017-07-18,0,0,0,0,0,0,0,No
1430,115,2017-02-15,0,0,0,0,0,0,0,No
1431,116,2017-02-15,0,0,0,1,0,0,17,No
1432,117,2017-02-15,1,1,0,1,1,0,67,No
1433,118,2018-07-09,1,1,1,0,1,0,67,No
1434,118,2018-07-31,1,1,1,1,1,1,100,Yes
1435,118,2018-08-07,1,1,0,1,0,1,67,No
1436,118,2018-08-15,1,1,1,1,1,0,83,No
1437,118,2018-08-16,1,1,1,1,1,1,100,Yes
1438,118,2018-09-04,1,1,1,1,1,1,100,Yes
1439,118,2018-09-26,1,1,1,0,1,1,83,No
1440,118,2018-10-02,1,1,1,1,0,1,83,No
1441,118,2018-10-09,1,1,1,1,1,1,100,Yes
1442,118,2018-10-18,1,1,1,1,1,1,100,Yes
1443,118,2018-10-18,1,1,1,1,1,1,100,Yes
1444,118,2018-12-04,,,,1,,,17,No
1445,119,2017-09-28,1,1,1,1,0,1,83,No
1446,119,2017-10-02,0,1,1,0,0,1,50,No
1447,119,2017-10-05,1,1,1,1,0,1,83,No
1448,119,2017-10-23,1,1,1,1,0,1,83,No
1449,119,2017-11-01,1,1,1,1,0,1,83,No
1450,119,2018-01-22,1,1,1,1,1,1,100,Yes
1451,119,2018-03-16,1,1,1,0,1,1,83,No
1452,119,2018-03-28,1,1,0,1,0,1,67,No
1453,119,2018-04-19,0,1,0,1,0,1,50,No
1454,119,2018-04-25,0,0,0,1,0,1,33,No
1455,119,2018-04-26,0,1,0,1,1,1,67,No
1456,119,2018-05-08,0,1,0,1,0,1,50,No
1457,119,2018-05-21,0,0,0,1,0,1,33,No
1458,119,2018-06-04,0,0,0,1,1,1,50,No
1459,119,2018-06-18,0,0,0,1,1,1,50,No
1460,120,2018-01-22,1,1,1,1,0,1,83,No
1461,120,2018-03-16,1,1,1,0,1,1,83,No
1462,120,2018-03-28,1,1,1,1,0,1,83,No
1463,120,2018-04-19,1,1,1,1,0,1,83,No
1464,120,2018-04-25,1,1,1,1,1,1,100,Yes
1465,120,2018-05-08,1,1,1,1,1,1,100,Yes
1466,120,2018-05-21,0,1,1,1,1,1,83,No
1467,120,2018-06-04,1,1,1,1,1,1,100,Yes
1468,120,2018-06-18,1,1,1,1,1,1,100,Yes
1469,120,2018-07-05,1,1,0,1,1,1,83,No
1470,120,2018-07-31,1,1,1,0,1,1,83,No
1471,120,2018-08-07,1,1,0,1,1,1,83,No
1472,120,2018-08-15,1,1,1,1,1,0,83,No
1473,120,2018-09-04,1,1,1,1,1,1,100,Yes
1474,120,2018-09-26,1,1,1,0,1,0,67,No
1475,120,2018-10-02,1,1,1,1,1,0,83,No
1476,120,2018-10-09,1,1,1,1,0,1,83,No
1477,120,2018-10-18,1,1,1,1,1,1,100,Yes
1478,120,2018-10-18,1,1,1,1,1,1,100,Yes
1479,120,2018-11-12,1,1,1,1,1,1,100,Yes
1480,120,2018-12-04,,,,1,,,17,No
1481,121,2018-08-15,1,1,1,1,1,0,83,No
1482,122,2017-11-01,1,1,1,1,0,1,83,No
1483,122,2018-01-22,1,1,1,1,1,1,100,Yes
1484,122,2018-03-28,1,1,1,1,0,1,83,No
1485,122,2018-04-19,1,1,1,1,0,1,83,No
1486,122,2018-05-16,1,1,1,1,1,1,100,Yes
1487,123,2018-06-06,0,1,1,1,1,1,83,No
1488,123,2018-06-18,1,1,1,1,1,1,100,Yes
1489,123,2018-07-05,1,1,1,1,1,1,100,Yes
1490,123,2018-07-31,1,1,1,0,1,1,83,No
1491,123,2018-08-07,1,1,1,1,1,1,100,Yes
1492,123,2018-09-04,1,1,1,1,1,1,100,Yes
1493,123,2018-09-26,1,1,1,0,0,0,50,No
1494,123,2018-10-02,1,1,1,1,0,1,83,No
1495,123,2018-10-09,1,1,1,1,0,1,83,No
1496,123,2018-10-18,1,1,1,1,1,1,100,Yes
1497,123,2018-12-04,,,,1,,,17,No
1498,124,2016-02-29,1,1,0,1,1,1,83,No
1499,124,2016-03-10,1,1,0,1,1,0,67,No
1500,124,2016-03-14,1,1,0,1,1,1,83,No
1501,124,2016-04-25,0,0,0,0,0,0,0,No
1502,125,2016-02-29,1,1,1,1,1,1,100,Yes
1503,125,2016-03-10,1,1,1,1,1,1,100,Yes
1504,125,2016-03-14,1,1,1,1,1,1,100,Yes
1505,125,2016-03-23,0,1,0,1,1,0,50,No
1506,125,2016-04-04,0,1,0,1,1,1,67,No
1507,125,2016-04-18,0,1,0,1,0,1,50,No
1508,125,2016-04-25,0,1,0,1,1,1,67,No
1509,125,2016-06-02,0,0,0,1,0,1,33,No
1510,125,2016-06-20,1,0,0,1,0,1,50,No
1511,125,2016-06-29,0,0,0,1,0,1,33,No
1512,125,2016-08-04,0,0,0,1,0,1,33,No
1513,125,2016-08-20,0,0,0,0,0,0,0,No
1514,125,2017-04-11,1,1,1,1,1,1,100,Yes
1515,126,2016-03-23,0,1,0,1,1,0,50,No
1516,126,2016-04-04,1,1,1,1,1,1,100,Yes
1517,126,2016-04-18,0,1,0,1,0,1,50,No
1518,126,2016-04-25,1,1,1,1,1,1,100,Yes
1519,126,2016-06-02,0,1,1,1,0,1,67,No
1520,126,2016-06-20,0,1,0,1,0,1,50,No
1521,126,2016-06-29,1,1,1,1,1,1,100,Yes
1522,126,2016-08-04,1,1,1,1,0,1,83,No
1523,126,2016-08-29,1,1,1,1,1,1,100,Yes
1524,126,2016-09-15,1,1,1,1,1,1,100,Yes
1525,126,2016-10-12,1,1,1,0,0,1,67,No
1526,126,2016-10-27,1,1,1,1,1,1,100,Yes
1527,126,2017-02-28,1,1,1,1,1,1,100,Yes
1528,126,2017-04-11,0,0,0,0,1,1,33,No
1529,126,2017-04-17,0,1,1,1,1,1,83,No
1530,127,2016-02-29,1,1,1,1,1,1,100,Yes
1531,127,2016-03-10,1,1,1,1,1,1,100,Yes
1532,127,2016-03-14,1,1,1,1,1,1,100,Yes
1533,127,2016-03-23,1,1,1,1,1,1,100,Yes
1534,127,2016-04-04,0,1,0,1,1,1,67,No
1535,127,2016-04-18,1,1,1,1,0,1,83,No
1536,127,2016-04-25,1,1,1,1,0,1,83,No
1537,127,2016-06-02,1,1,1,1,1,1,100,Yes
1538,127,2016-06-20,1,1,1,1,1,1,100,Yes
1539,127,2016-06-20,1,1,1,1,1,1,100,Yes
1540,127,2016-08-04,1,1,1,1,0,1,83,No
1541,127,2016-08-29,1,1,1,1,1,1,100,Yes
1542,127,2016-09-01,1,1,1,1,1,1,100,Yes
1543,127,2016-09-15,1,1,1,1,1,1,100,Yes
1544,127,2016-10-12,1,1,1,0,0,1,67,No
1545,127,2016-10-27,1,1,1,1,0,1,83,No
1546,127,2017-02-28,1,1,1,1,0,0,67,No
1547,127,2017-04-11,1,1,1,1,1,1,100,Yes
1548,128,2016-03-23,0,1,0,1,1,1,67,No
1549,128,2016-04-04,1,1,1,1,1,1,100,Yes
1550,128,2016-04-18,0,1,0,1,0,1,50,No
1551,128,2016-04-25,0,1,1,1,1,1,83,No
1552,128,2016-06-02,0,1,0,1,0,1,50,No
1553,128,2016-06-20,1,1,0,1,0,1,67,No
1554,128,2016-06-29,1,1,1,1,1,1,100,Yes
1555,129,2016-04-04,0,0,0,1,1,1,50,No
1556,129,2016-04-18,1,1,1,1,1,1,100,Yes
1557,129,2016-04-25,1,1,1,1,1,1,100,Yes
1558,129,2016-06-02,1,1,1,1,1,1,100,Yes
1559,129,2016-06-20,1,1,1,1,1,1,100,Yes
1560,129,2016-06-29,1,1,1,1,1,1,100,Yes
1561,130,2016-03-28,0,0,0,0,0,0,0,No
1562,130,2016-04-04,0,1,0,1,1,1,67,No
1563,130,2016-04-18,1,1,1,1,1,1,100,Yes
1564,130,2016-04-27,0.5,1,0.5,1,0.5,1,75,No
1565,130,2016-06-02,1,1,1,1,1,1,100,Yes
1566,130,2016-06-20,1,1,1,1,1,1,100,Yes
1567,130,2016-06-29,1,1,1,1,1,1,100,Yes
1568,130,2016-08-04,1,1,1,1,0,1,83,No
1569,130,2016-08-29,1,1,1,0,1,1,83,No
1570,130,2016-09-01,1,1,1,1,1,1,100,Yes
1571,130,2016-09-15,1,1,1,1,1,1,100,Yes
1572,130,2016-10-12,1,1,1,0,0,1,67,No
1573,130,2016-10-27,1,1,1,1,0,1,83,No
1574,130,2017-02-28,1,1,1,1,1,0,83,No
1575,131,2017-05-03,0,1,0,1,0,0,33,No
1576,131,2017-06-07,0,0,0,1,0,0,17,No
1577,131,2017-06-13,0,0,0,1,0,1,33,No
1578,131,2017-06-22,1,1,1,1,0,0,67,No
1579,131,2017-07-31,0,0,0,0,0,0,0,No
1580,131,2017-09-07,1,1,1,1,0,0,67,No
1581,131,2017-09-21,1,1,1,0,0,0,50,No
1582,131,2017-09-28,1,1,1,1,0,1,83,No
1583,131,2017-10-23,1,1,1,1,1,1,100,Yes
1584,131,2017-11-01,1,1,1,1,1,1,100,Yes
1585,132,2017-05-03,0,0,0,1,0,0,17,No
1586,132,2017-06-07,1,1,1,1,1,0,83,No
1587,132,2017-06-13,1,1,1,1,1,1,100,Yes
1588,132,2017-06-22,1,1,1,1,0,1,83,No
1589,132,2017-07-31,0,0,0,0,0,0,0,No
1590,132,2017-08-25,1,1,0,1,0,1,67,No
1591,132,2017-09-07,0,1,1,1,0,1,67,No
1592,132,2017-09-21,1,0,1,1,0,0,50,No
1593,132,2017-09-28,1,1,1,1,0,1,83,No
1594,132,2017-10-23,1,1,1,1,1,1,100,Yes
1595,133,2017-05-03,1,1,0,0,1,1,67,No
1596,133,2017-06-07,1,0,1,0,1,0,50,No
1597,133,2017-06-13,1,1,1,1,1,1,100,Yes
1598,133,2017-06-22,1,0,1,1,0,0,50,No
1599,133,2017-07-31,0,0,0,0,0,0,0,No
1600,133,2017-09-07,1,1,1,1,0,0,67,No
1601,133,2017-09-21,1,1,1,1,0,0,67,No
1602,133,2017-09-28,1,1,1,1,0,1,83,No
1603,133,2017-10-23,1,1,1,1,0,1,83,No
1604,133,2017-11-01,1,1,1,1,0,1,83,No
1605,134,2019-04-01,1,1,1,1,1,1,100,Yes
1606,134,2019-04-01,1,1,1,1,1,1,100,Yes
1607,135,2019-04-01,1,1,1,1,1,1,100,Yes
1608,136,2019-04-01,1,1,0,1,1,1,83,No
1609,136,2019-04-01,1,1,0,1,1,1,83,No
1610,137,2018-04-02,1,1,1,1,1,1,100,Yes
1611,137,2018-04-02,1,1,1,1,1,1,100,Yes
1612,137,2018-04-09,1,1,1,1,1,1,100,Yes
1613,137,2018-04-09,1,1,1,1,1,1,100,Yes
1614,137,2018-04-16,1,1,0,1,1,1,83,No
1615,137,2018-04-16,1,1,0,1,1,1,83,No
1616,137,2018-04-23,1,1,0,1,1,1,83,No
1617,137,2018-04-23,1,1,0,1,1,1,83,No
1618,137,2018-05-01,1,1,0,1,1,1,83,No
1619,137,2018-05-01,1,1,0,1,1,1,83,No
1620,137,2018-05-07,1,1,0,1,1,1,83,No
1621,137,2018-05-07,1,1,0,1,1,1,83,No
1622,137,2018-05-15,1,1,0,1,1,1,83,No
1623,137,2018-05-15,1,1,0,1,1,1,83,No
1624,137,2018-05-25,1,1,0,1,1,1,83,No
1625,137,2018-05-25,1,1,0,1,1,1,83,No
1626,137,2018-06-04,1,1,0,1,1,1,83,No
1627,137,2018-06-04,1,1,0,1,1,1,83,No
1628,137,2018-06-11,1,1,0,1,1,1,83,No
1629,137,2018-06-11,1,1,0,1,1,1,83,No
1630,137,2018-06-26,0,1,0,1,0,1,50,No
1631,137,2018-06-26,0,1,0,1,0,1,50,No
1632,137,2018-07-02,0,1,0,1,1,1,67,No
1633,137,2018-07-02,0,1,0,1,1,1,67,No
1634,137,2018-07-10,0,1,1,1,1,1,83,No
1635,137,2018-07-10,0,1,1,1,1,1,83,No
1636,137,2018-07-16,1,1,0,1,1,1,83,No
1637,137,2018-07-16,1,1,0,1,1,1,83,No
1638,137,2018-07-23,1,1,1,1,1,1,100,Yes
1639,137,2018-07-23,1,1,1,1,1,1,100,Yes
1640,137,2018-07-30,1,1,1,1,1,1,100,Yes
1641,137,2018-07-30,1,1,1,1,1,1,100,Yes
1642,137,2018-08-27,1,1,1,1,1,1,100,Yes
1643,137,2018-08-27,1,1,1,1,1,1,100,Yes
1644,137,2018-09-03,1,1,1,1,1,1,100,Yes
1645,137,2018-09-03,1,1,1,1,1,1,100,Yes
1646,137,2018-09-10,1,1,1,1,1,1,100,Yes
1647,137,2018-09-10,1,1,1,1,1,1,100,Yes
1648,137,2018-09-18,1,1,1,1,1,1,100,Yes
1649,137,2018-09-18,1,1,1,1,1,1,100,Yes
1650,137,2018-09-24,1,1,1,1,1,1,100,Yes
1651,137,2018-09-24,1,1,1,1,1,1,100,Yes
1652,137,2018-10-01,1,1,1,1,1,1,100,Yes
1653,137,2018-10-01,1,1,1,1,1,1,100,Yes
1654,137,2018-10-08,1,1,1,1,1,1,100,Yes
1655,137,2018-10-08,1,1,1,1,1,1,100,Yes
1656,138,2018-04-02,1,0,1,1,1,1,83,No
1657,138,2018-04-02,1,0,1,1,1,1,83,No
1658,138,2018-04-09,1,1,0,1,1,1,83,No
1659,138,2018-04-09,1,1,0,1,1,1,83,No
1660,138,2018-04-16,1,1,0,1,1,1,83,No
1661,138,2018-04-16,1,1,0,1,1,1,83,No
1662,138,2018-04-23,1,1,0,1,1,1,83,No
1663,138,2018-04-23,1,1,0,1,1,1,83,No
1664,138,2018-05-01,1,1,0,1,1,1,83,No
1665,138,2018-05-01,1,1,0,1,1,1,83,No
1666,138,2018-05-07,1,1,0,1,1,1,83,No
1667,138,2018-05-07,1,1,0,1,1,1,83,No
1668,138,2018-05-15,1,1,0,1,1,1,83,No
1669,138,2018-05-15,1,1,0,1,1,1,83,No
1670,138,2018-05-25,1,1,0,1,1,1,83,No
1671,138,2018-05-25,1,1,0,1,1,1,83,No
1672,138,2018-06-04,1,1,0,1,1,1,83,No
1673,138,2018-06-04,1,1,0,1,1,1,83,No
1674,138,2018-06-11,1,1,0,1,1,1,83,No
1675,138,2018-06-11,1,1,0,1,1,1,83,No
1676,138,2018-06-26,1,1,0,1,1,1,83,No
1677,138,2018-06-26,1,1,0,1,1,1,83,No
1678,138,2018-07-02,1,1,0,1,1,1,83,No
1679,138,2018-07-02,1,1,0,1,1,1,83,No
1680,138,2018-07-10,1,0,1,1,1,1,83,No
1681,138,2018-07-10,1,0,1,1,1,1,83,No
1682,138,2018-07-16,1,1,0,1,1,1,83,No
1683,138,2018-07-16,1,1,0,1,1,1,83,No
1684,138,2018-07-23,1,1,0,1,1,1,83,No
1685,138,2018-07-23,1,1,0,1,1,1,83,No
1686,138,2018-07-30,1,1,0,1,1,1,83,No
1687,138,2018-07-30,1,1,0,1,1,1,83,No
1688,138,2018-08-27,1,1,0,1,1,1,83,No
1689,138,2018-08-27,1,1,0,1,1,1,83,No
1690,138,2018-09-03,1,1,0,1,1,1,83,No
1691,138,2018-09-03,1,1,0,1,1,1,83,No
1692,138,2018-09-10,1,1,0,1,1,1,83,No
1693,138,2018-09-10,1,1,0,1,1,1,83,No
1694,138,2018-09-18,1,1,0,1,1,1,83,No
1695,138,2018-09-18,1,1,0,1,1,1,83,No
1696,138,2018-09-24,1,1,0,1,1,1,83,No
1697,138,2018-09-24,1,1,0,1,1,1,83,No
1698,138,2018-10-01,1,1,0,1,1,1,83,No
1699,138,2018-10-01,1,1,0,1,1,1,83,No
1700,138,2018-10-08,1,1,0,1,1,1,83,No
1701,138,2018-10-08,1,1,0,1,1,1,83,No
1702,138,,,,,,,,0,No
1703,138,,,,,,,,0,No
1704,139,2018-04-02,1,1,0,1,1,1,83,No
1705,139,2018-04-02,1,1,0,1,1,1,83,No
1706,139,2018-04-09,1,1,0,1,1,1,83,No
1707,139,2018-04-09,1,1,0,1,1,1,83,No
1708,139,2018-04-16,1,1,0,1,1,1,83,No
1709,139,2018-04-16,1,1,0,1,1,1,83,No
1710,139,2018-04-23,1,1,0,1,1,1,83,No
1711,139,2018-04-23,1,1,0,1,1,1,83,No
1712,139,2018-05-01,1,1,0,1,1,1,83,No
1713,139,2018-05-01,1,1,0,1,1,1,83,No
1714,139,2018-05-07,1,1,0,1,1,1,83,No
1715,139,2018-05-07,1,1,0,1,1,1,83,No
1716,139,2018-05-15,1,1,0,1,1,1,83,No
1717,139,2018-05-15,1,1,0,1,1,1,83,No
1718,139,2018-05-25,1,1,0,1,1,1,83,No
1719,139,2018-05-25,1,1,0,1,1,1,83,No
1720,139,2018-06-04,1,1,0,1,1,1,83,No
1721,139,2018-06-04,1,1,0,1,1,1,83,No
1722,139,2018-06-11,1,1,0,1,1,1,83,No
1723,139,2018-06-11,1,1,0,1,1,1,83,No
1724,139,2018-06-26,1,1,1,1,1,1,100,Yes
1725,139,2018-06-26,1,1,1,1,1,1,100,Yes
1726,139,2018-07-02,1,1,1,1,1,1,100,Yes
1727,139,2018-07-02,1,1,1,1,1,1,100,Yes
1728,139,2018-07-10,1,1,1,1,1,1,100,Yes
1729,139,2018-07-10,1,1,1,1,1,1,100,Yes
1730,139,2018-07-16,1,1,1,1,1,1,100,Yes
1731,139,2018-07-16,1,1,1,1,1,1,100,Yes
1732,139,2018-07-23,1,1,1,1,1,1,100,Yes
1733,139,2018-07-23,1,1,1,1,1,1,100,Yes
1734,139,2018-07-30,1,1,1,1,1,1,100,Yes
1735,139,2018-07-30,1,1,1,1,1,1,100,Yes
1736,139,2018-08-27,1,1,1,1,1,1,100,Yes
1737,139,2018-08-27,1,1,1,1,1,1,100,Yes
1738,139,2018-09-03,1,1,1,1,1,1,100,Yes
1739,139,2018-09-03,1,1,1,1,1,1,100,Yes
1740,139,2018-09-10,1,1,1,1,1,1,100,Yes
1741,139,2018-09-10,1,1,1,1,1,1,100,Yes
1742,139,2018-09-18,1,1,1,1,1,1,100,Yes
1743,139,2018-09-18,1,1,1,1,1,1,100,Yes
1744,139,2018-09-24,1,1,1,1,1,1,100,Yes
1745,139,2018-09-24,1,1,1,1,1,1,100,Yes
1746,139,2018-10-01,1,0,1,1,1,1,83,No
1747,139,2018-10-01,1,0,1,1,1,1,83,No
1748,139,2018-10-08,1,0,1,1,1,1,83,No
1749,139,2018-10-08,1,0,1,1,1,1,83,No
1750,140,2018-04-02,1,1,0,1,1,1,83,No
1751,140,2018-04-02,1,1,0,1,1,1,83,No
1752,140,2018-04-09,1,1,0,1,1,1,83,No
1753,140,2018-04-09,1,1,0,1,1,1,83,No
1754,140,2018-04-16,1,1,0,1,1,1,83,No
1755,140,2018-04-16,1,1,0,1,1,1,83,No
1756,140,2018-04-23,1,1,0,1,1,1,83,No
1757,140,2018-04-23,1,1,0,1,1,1,83,No
1758,140,2018-05-01,1,1,0,1,1,1,83,No
1759,140,2018-05-01,1,1,0,1,1,1,83,No
1760,140,2018-05-07,1,1,1,1,1,1,100,Yes
1761,140,2018-05-07,1,1,1,1,1,1,100,Yes
1762,140,2018-05-15,1,1,0,1,1,1,83,No
1763,140,2018-05-15,1,1,0,1,1,1,83,No
1764,140,2018-05-26,1,1,0,1,1,1,83,No
1765,140,2018-05-26,1,1,0,1,1,1,83,No
1766,140,2018-06-04,1,1,0,1,1,1,83,No
1767,140,2018-06-04,1,1,0,1,1,1,83,No
1768,140,2018-06-11,1,1,0,1,1,1,83,No
1769,140,2018-06-11,1,1,0,1,1,1,83,No
1770,140,2018-06-26,1,1,0,1,1,1,83,No
1771,140,2018-06-26,1,1,0,1,1,1,83,No
1772,140,2018-07-02,0,1,0,1,1,1,67,No
1773,140,2018-07-02,0,1,0,1,1,1,67,No
1774,140,2018-07-10,1,1,1,1,1,1,100,Yes
1775,140,2018-07-10,1,1,1,1,1,1,100,Yes
1776,140,2018-07-16,1,1,1,1,1,1,100,Yes
1777,140,2018-07-16,1,1,1,1,1,1,100,Yes
1778,140,2018-07-23,1,1,1,1,1,1,100,Yes
1779,140,2018-07-23,1,1,1,1,1,1,100,Yes
1780,140,2018-07-30,1,1,1,1,1,1,100,Yes
1781,140,2018-07-30,1,1,1,1,1,1,100,Yes
1782,140,2018-08-27,1,1,1,1,1,1,100,Yes
1783,140,2018-08-27,1,1,1,1,1,1,100,Yes
1784,140,2018-09-03,1,1,1,1,1,1,100,Yes
1785,140,2018-09-03,1,1,1,1,1,1,100,Yes
1786,140,2018-09-10,1,1,1,1,1,1,100,Yes
1787,140,2018-09-10,1,1,1,1,1,1,100,Yes
1788,140,2018-09-18,1,1,1,1,1,1,100,Yes
1789,140,2018-09-18,1,1,1,1,1,1,100,Yes
1790,140,2018-09-24,1,1,1,1,1,1,100,Yes
1791,140,2018-09-24,1,1,1,1,1,1,100,Yes
1792,140,2018-10-01,1,1,1,1,1,1,100,Yes
1793,140,2018-10-01,1,1,1,1,1,1,100,Yes
1794,140,2018-10-08,1,1,1,1,1,1,100,Yes
1795,140,2018-10-08,1,1,1,1,1,1,100,Yes
1796,141,2016-10-26,1,1,1,1,1,1,100,Yes
1797,141,2016-10-31,1,1,1,1,1,1,100,Yes
1798,141,2016-11-10,1,1,1,1,1,1,100,Yes
1799,141,2016-11-16,1,1,1,0,1,1,83,No
1800,141,2017-08-14,1,1,1,1,1,1,100,Yes
1801,142,2017-08-14,1,1,1,1,1,1,100,Yes
1802,143,2016-10-10,1,1,0,1,0,1,67,No
1803,143,2017-08-14,1,1,0,1,1,1,83,No
1804,144,2017-08-14,1,1,1,1,1,1,100,Yes
1805,145,2017-08-14,1,1,1,1,1,1,100,Yes
1806,146,2017-08-14,1,1,1,1,1,1,100,Yes
1807,147,2017-08-14,1,1,1,1,1,1,100,Yes
1808,148,2017-08-14,0,1,0,1,0,1,50,No
1809,149,2017-05-08,1,1,0,1,0,1,67,No
1810,149,2017-05-15,0,1,0,1,1,1,67,No
1811,149,2017-05-22,0,1,1,1,0,1,67,No
1812,149,2017-05-29,1,1,1,1,1,1,100,Yes
1813,149,2017-06-05,1,1,1,1,1,1,100,Yes
1814,149,2017-06-19,1,1,1,1,1,1,100,Yes
1815,149,2017-06-26,1,1,1,1,1,1,100,Yes
1816,149,2017-07-03,1,1,1,1,1,1,100,Yes
1817,149,2017-07-10,1,1,1,1,1,1,100,Yes
1818,149,2017-07-17,1,1,1,1,1,1,100,Yes
1819,149,2017-07-24,1,1,1,1,1,1,100,Yes
1820,149,2017-08-07,1,1,1,1,1,1,100,Yes
1821,149,2017-09-04,1,1,1,1,1,1,100,Yes
1822,149,2017-09-11,1,1,1,1,1,1,100,Yes
1823,149,2017-09-18,1,1,1,1,1,1,100,Yes
1824,149,2017-09-25,1,1,1,1,1,1,100,Yes
1825,149,2017-10-03,1,1,1,1,1,1,100,Yes
1826,149,2017-10-09,1,1,1,1,1,1,100,Yes
1827,149,2017-10-16,1,1,1,1,1,1,100,Yes
1828,149,2017-10-23,1,1,1,1,1,1,100,Yes
1829,149,2017-11-09,1,1,1,1,1,1,100,Yes
1830,149,2017-11-13,1,1,1,1,1,1,100,Yes
1831,150,2016-09-04,0,1,1,1,1,1,83,No
1832,150,2016-09-12,1,1,1,1,1,1,100,Yes
1833,150,2016-09-29,1,1,1,1,1,1,100,Yes
1834,150,2016-10-04,1,1,1,0,1,1,83,No
1835,150,2016-10-10,0,1,0,1,0,1,50,No
1836,150,2016-10-17,0,0,0,1,1,1,50,No
1837,150,2017-04-03,0,1,0,1,0,1,50,No
1838,150,2017-04-10,0,1,0,1,1,1,67,No
1839,150,2017-04-17,0,1,1,1,1,1,83,No
1840,150,2017-05-01,1,1,1,1,1,1,100,Yes
1841,150,2017-05-09,1,1,1,1,1,1,100,Yes
1842,150,2017-05-15,1,1,1,1,1,1,100,Yes
1843,150,2017-05-22,0,1,0,1,0,1,50,No
1844,150,2017-05-30,0,1,0,1,0,1,50,No
1845,150,2017-06-05,0,1,0,1,0,1,50,No
1846,150,2017-06-19,1,1,1,1,1,1,100,Yes
1847,150,2017-06-26,0,1,0,1,1,1,67,No
1848,150,2017-07-03,1,1,1,1,1,1,100,Yes
1849,150,2017-07-10,1,1,1,1,1,1,100,Yes
1850,150,2017-07-17,1,1,1,1,1,1,100,Yes
1851,150,2017-07-24,1,1,1,1,1,1,100,Yes
1852,150,2017-08-07,1,1,1,1,1,1,100,Yes
1853,150,2017-08-14,1,1,1,1,1,1,100,Yes
1854,150,2017-09-04,1,1,1,1,1,1,100,Yes
1855,150,2017-09-11,1,1,1,1,1,1,100,Yes
1856,150,2017-09-18,1,1,1,1,1,1,100,Yes
1857,150,2017-09-25,1,1,1,1,1,1,100,Yes
1858,150,2017-10-04,1,1,1,1,1,1,100,Yes
1859,150,2017-10-09,1,1,1,1,1,1,100,Yes
1860,150,2017-10-16,1,1,1,1,1,1,100,Yes
1861,150,2017-10-23,1,1,1,1,1,1,100,Yes
1862,150,2017-11-09,1,1,1,1,1,1,100,Yes
1863,150,2017-11-13,1,1,1,1,1,1,100,Yes
1864,150,2019-08-29,0,1,0,1,0,1,50,No
1865,151,2017-03-27,1,1,0,1,1,1,83,No
1866,151,2017-04-03,1,1,1,1,1,1,100,Yes
1867,151,2017-04-10,1,1,1,1,1,1,100,Yes
1868,151,2017-04-17,1,1,1,1,1,1,100,Yes
1869,151,2017-05-01,1,1,1,1,0,1,83,No
1870,151,2017-05-08,1,1,1,1,1,1,100,Yes
1871,151,2017-05-15,1,1,1,1,1,1,100,Yes
1872,151,2017-05-22,1,1,1,1,1,1,100,Yes
1873,151,2017-05-30,1,1,1,1,1,1,100,Yes
1874,151,2017-06-05,1,1,1,1,1,1,100,Yes
1875,151,2017-06-19,1,1,1,1,1,1,100,Yes
1876,151,2017-06-26,1,1,1,1,1,1,100,Yes
1877,151,2017-07-03,1,1,1,1,1,1,100,Yes
1878,151,2017-07-10,1,1,1,1,1,1,100,Yes
1879,151,2017-07-17,1,1,1,1,1,1,100,Yes
1880,151,2017-07-24,1,1,1,1,1,1,100,Yes
1881,151,2017-08-07,1,1,1,1,1,1,100,Yes
1882,151,2017-08-14,0,1,0,1,0,1,50,No
1883,151,2017-09-04,1,1,1,1,1,1,100,Yes
1884,151,2017-09-11,1,1,1,1,1,1,100,Yes
1885,151,2017-09-18,1,1,1,1,1,1,100,Yes
1886,151,2017-09-25,1,1,1,1,1,1,100,Yes
1887,151,2017-10-03,1,1,1,1,1,1,100,Yes
1888,151,2017-10-09,1,1,1,1,1,1,100,Yes
1889,151,2017-10-16,1,1,1,1,1,1,100,Yes
1890,151,2017-10-23,1,1,1,1,1,1,100,Yes
1891,151,2017-11-09,1,1,1,1,1,1,100,Yes
1892,151,2017-11-13,1,1,1,1,1,1,100,Yes
1893,152,2017-03-28,1,1,1,1,1,1,100,Yes
1894,152,2017-04-03,1,1,1,1,1,1,100,Yes
1895,152,2017-04-10,1,1,1,1,1,1,100,Yes
1896,152,2017-04-17,1,1,1,1,1,1,100,Yes
1897,152,2017-05-01,1,1,1,1,1,1,100,Yes
1898,152,2017-05-09,1,1,1,1,1,1,100,Yes
1899,152,2017-05-15,1,1,1,1,1,1,100,Yes
1900,152,2017-05-22,1,1,1,1,1,1,100,Yes
1901,152,2017-05-30,1,1,1,1,1,1,100,Yes
1902,152,2017-06-05,1,1,1,1,1,1,100,Yes
1903,152,2017-06-19,1,1,1,1,1,1,100,Yes
1904,152,2017-06-26,1,1,1,1,1,1,100,Yes
1905,152,2017-07-03,1,1,1,1,1,1,100,Yes
1906,152,2017-07-10,1,1,1,1,1,1,100,Yes
1907,152,2017-07-17,1,1,1,1,1,1,100,Yes
1908,152,2017-07-24,1,1,1,1,1,1,100,Yes
1909,152,2017-08-07,1,1,1,1,1,1,100,Yes
1910,152,2017-09-04,1,1,1,1,1,1,100,Yes
1911,152,2017-09-11,1,1,1,1,1,1,100,Yes
1912,152,2017-09-18,1,1,1,1,1,1,100,Yes
1913,152,2017-09-25,1,1,1,1,1,1,100,Yes
1914,152,2017-10-04,1,1,1,1,1,1,100,Yes
1915,152,2017-10-09,1,1,1,1,1,1,100,Yes
1916,152,2017-10-16,1,1,1,1,1,1,100,Yes
1917,152,2017-10-23,1,1,1,1,1,1,100,Yes
1918,152,2017-11-09,1,1,1,1,1,1,100,Yes
1919,152,2017-11-13,1,1,1,1,1,1,100,Yes
1920,153,2017-07-03,1,1,0,1,1,1,83,No
1921,154,2017-03-13,1,1,0,1,1,1,83,No
1922,154,2017-03-27,1,1,0,1,1,1,83,No
1923,154,2017-04-03,1,1,0,1,1,1,83,No
1924,154,2017-04-10,1,1,0,1,1,1,83,No
1925,154,2017-04-17,1,1,0,1,1,1,83,No
1926,154,2017-05-01,1,1,0,1,1,1,83,No
1927,154,2017-05-08,1,1,0,1,0,0,50,No
1928,154,2017-05-15,1,1,0,1,1,1,83,No
1929,154,2017-05-22,1,1,0,1,1,1,83,No
1930,154,2017-05-30,1,1,0,1,1,1,83,No
1931,154,2017-06-05,1,1,0,1,1,1,83,No
1932,154,2017-06-19,1,1,0,1,1,1,83,No
1933,154,2017-06-26,1,1,0,1,1,1,83,No
1934,154,2017-07-10,1,1,0,1,1,1,83,No
1935,154,2017-07-17,1,1,0,1,1,1,83,No
1936,154,2017-07-24,1,1,0,1,1,1,83,No
1937,154,2017-08-07,1,1,0,1,1,1,83,No
1938,154,2017-09-04,1,1,0,1,1,1,83,No
1939,154,2017-09-11,1,1,0,1,1,1,83,No
1940,154,2017-09-18,1,1,0,1,1,1,83,No
1941,154,2017-09-25,1,1,0,1,1,1,83,No
1942,154,2017-10-04,1,1,0,1,1,1,83,No
1943,154,2017-10-09,1,1,0,1,1,1,83,No
1944,154,2017-10-16,1,1,0,1,1,1,83,No
1945,154,2017-10-23,1,1,0,1,1,1,83,No
1946,154,2017-11-09,1,1,0,1,1,1,83,No
1947,154,2017-11-13,0,1,0,1,0,1,50,No
1948,155,2017-03-13,1,1,1,1,1,1,100,Yes
1949,155,2017-03-20,1,1,1,1,1,1,100,Yes
1950,155,2017-03-27,1,1,1,1,1,1,100,Yes
1951,155,2017-04-03,1,1,1,1,1,1,100,Yes
1952,155,2017-04-10,1,1,1,1,1,1,100,Yes
1953,155,2017-04-17,1,1,1,1,1,1,100,Yes
1954,155,2017-05-01,1,1,1,1,1,1,100,Yes
1955,155,2017-05-08,1,1,1,1,1,1,100,Yes
1956,155,2017-05-15,1,1,1,1,1,1,100,Yes
1957,155,2017-05-22,1,1,1,1,1,1,100,Yes
1958,155,2017-05-30,1,1,1,1,1,1,100,Yes
1959,155,2017-06-05,1,1,1,1,1,1,100,Yes
1960,155,2017-06-19,1,1,1,1,1,1,100,Yes
1961,155,2017-06-26,1,1,1,1,1,1,100,Yes
1962,155,2017-07-03,1,1,1,1,1,1,100,Yes
1963,155,2017-07-10,1,1,1,1,1,1,100,Yes
1964,155,2017-07-17,1,1,1,1,1,1,100,Yes
1965,155,2017-07-24,1,1,1,1,1,1,100,Yes
1966,155,2017-08-07,1,1,1,1,1,1,100,Yes
1967,155,2017-09-04,1,1,1,1,0,1,83,No
1968,155,2017-09-11,1,1,1,1,1,1,100,Yes
1969,155,2017-09-18,1,1,1,1,1,1,100,Yes
1970,155,2017-09-25,1,1,1,1,1,1,100,Yes
1971,155,2017-10-03,1,1,1,1,1,1,100,Yes
1972,155,2017-10-09,1,1,1,1,1,1,100,Yes
1973,155,2017-10-16,1,1,1,1,1,1,100,Yes
1974,155,2017-10-23,1,1,1,1,1,1,100,Yes
1975,155,2017-11-09,1,1,1,1,1,1,100,Yes
1976,155,2017-11-13,1,1,1,1,1,1,100,Yes
1977,156,2017-03-28,1,1,1,1,1,1,100,Yes
1978,156,2017-04-03,1,1,1,1,1,1,100,Yes
1979,156,2017-04-10,1,1,1,1,1,1,100,Yes
1980,156,2017-04-17,1,1,1,1,1,1,100,Yes
1981,156,2017-05-01,1,1,1,1,1,1,100,Yes
1982,156,2017-05-09,1,1,1,1,1,1,100,Yes
1983,156,2017-05-15,1,1,1,1,1,1,100,Yes
1984,156,2017-05-22,1,1,1,1,1,1,100,Yes
1985,156,2017-05-30,1,1,1,1,1,1,100,Yes
1986,156,2017-06-05,1,1,1,1,1,1,100,Yes
1987,156,2017-06-19,1,1,1,1,1,0,83,No
1988,156,2017-06-26,1,1,1,1,1,1,100,Yes
1989,156,2017-07-03,1,1,1,1,1,1,100,Yes
1990,156,2017-07-10,1,1,1,1,1,1,100,Yes
1991,156,2017-07-17,1,1,1,1,1,1,100,Yes
1992,156,2017-07-24,1,1,1,1,1,1,100,Yes
1993,156,2017-08-07,1,1,1,1,1,1,100,Yes
1994,156,2017-09-04,1,1,1,1,1,1,100,Yes
1995,156,2017-09-11,1,1,1,1,1,1,100,Yes
1996,156,2017-09-18,1,1,1,1,1,1,100,Yes
1997,156,2017-09-25,1,1,1,1,1,1,100,Yes
1998,156,2017-10-04,1,1,1,1,1,1,100,Yes
1999,156,2017-10-09,1,1,1,1,1,1,100,Yes
2000,156,2017-10-16,1,1,1,1,1,1,100,Yes
2001,156,2017-10-23,1,1,1,1,1,1,100,Yes
2002,156,2017-11-09,1,1,1,1,1,1,100,Yes
2003,156,2017-11-13,1,1,1,1,1,1,100,Yes
2004,157,2017-03-27,1,0.5,0,1,1,1,75,No
2005,157,2017-04-03,1,1,1,1,1,1,100,Yes
2006,157,2017-04-10,0,1,0,1,1,1,67,No
2007,157,2017-05-01,1,1,1,1,1,1,100,Yes
2008,157,2017-05-09,1,1,1,1,1,1,100,Yes
2009,157,2017-05-15,0,1,0,1,1,1,67,No
2010,157,2017-05-22,0,1,0,1,0,1,50,No
2011,157,2017-05-30,1,1,1,1,1,1,100,Yes
2012,157,2017-06-05,0,1,0,1,1,1,67,No
2013,157,2017-06-19,0,1,0,1,1,1,67,No
2014,157,2017-06-26,1,1,1,1,1,1,100,Yes
2015,157,2017-07-03,1,1,1,1,1,1,100,Yes
2016,157,2017-07-10,1,1,1,1,1,1,100,Yes
2017,157,2017-07-17,1,1,1,1,1,1,100,Yes
2018,157,2017-07-24,1,1,1,1,1,1,100,Yes
2019,157,2017-08-07,1,1,1,1,1,1,100,Yes
2020,157,2017-09-04,1,1,1,1,1,1,100,Yes
2021,157,2017-09-11,1,1,1,1,1,1,100,Yes
2022,157,2017-09-18,1,1,1,1,1,1,100,Yes
2023,157,2017-09-25,1,1,1,1,1,1,100,Yes
2024,157,2017-10-04,1,1,1,1,1,1,100,Yes
2025,157,2017-10-09,1,1,1,1,1,1,100,Yes
2026,157,2017-10-16,1,1,1,1,1,1,100,Yes
2027,157,2017-10-23,1,1,1,1,1,1,100,Yes
2028,157,2017-11-09,1,1,1,1,1,1,100,Yes
2029,157,2017-11-13,1,1,1,1,1,1,100,Yes
2030,158,2017-05-15,0,1,0,1,0,1,50,No
2031,158,2017-05-22,0,1,1,1,0,1,67,No
2032,158,2017-05-30,1,1,1,1,1,1,100,Yes
2033,158,2017-06-05,1,1,1,1,1,1,100,Yes
2034,158,2017-06-19,1,1,1,1,1,1,100,Yes
2035,158,2017-06-26,1,1,1,1,1,1,100,Yes
2036,158,2017-07-03,1,1,1,1,1,1,100,Yes
2037,158,2017-07-10,1,1,1,1,1,1,100,Yes
2038,158,2017-07-17,1,1,1,1,1,1,100,Yes
2039,158,2017-07-24,1,1,1,1,1,1,100,Yes
2040,158,2017-08-07,1,1,1,1,1,1,100,Yes
2041,158,2017-09-04,1,1,1,1,1,1,100,Yes
2042,158,2017-09-11,1,1,1,1,1,1,100,Yes
2043,158,2017-09-18,1,1,1,1,1,1,100,Yes
2044,158,2017-09-25,1,1,1,1,1,1,100,Yes
2045,158,2017-10-04,1,1,1,1,1,1,100,Yes
2046,158,2017-10-09,1,1,1,1,1,1,100,Yes
2047,158,2017-10-16,1,1,1,1,1,1,100,Yes
2048,158,2017-10-23,1,1,1,1,1,1,100,Yes
2049,158,2017-11-09,1,1,1,1,1,1,100,Yes
2050,158,2017-11-13,1,1,1,1,1,1,100,Yes
2051,159,2017-04-03,0,1,0,1,0,1,50,No
2052,159,2017-04-10,0,1,0,1,1,1,67,No
2053,159,2017-04-17,0,1,1,1,1,1,83,No
2054,159,2017-05-01,1,1,1,1,1,1,100,Yes
2055,159,2017-05-09,1,1,1,1,1,1,100,Yes
2056,159,2017-05-15,1,1,1,1,1,1,100,Yes
2057,159,2017-05-22,1,1,1,1,1,1,100,Yes
2058,159,2017-05-30,1,1,1,1,1,1,100,Yes
2059,159,2017-06-05,1,1,1,1,1,1,100,Yes
2060,159,2017-06-19,1,1,1,1,1,1,100,Yes
2061,159,2017-06-26,0,1,0,1,0,0,33,No
2062,159,2017-07-03,0,1,1,1,1,1,83,No
2063,159,2017-07-10,1,1,1,1,1,1,100,Yes
2064,159,2017-07-17,1,1,1,1,1,1,100,Yes
2065,159,2017-07-24,0,1,0,1,1,1,67,No
2066,159,2017-08-07,0,1,0,1,0,1,50,No
2067,159,2017-09-04,1,1,0,1,0,1,67,No
2068,159,2017-09-11,1,1,1,1,1,1,100,Yes
2069,159,2017-09-18,1,1,1,1,1,1,100,Yes
2070,159,2017-09-25,1,1,1,1,1,1,100,Yes
2071,159,2017-10-04,1,1,1,1,1,1,100,Yes
2072,159,2017-10-09,1,1,1,1,1,1,100,Yes
2073,159,2017-10-16,1,1,1,1,1,1,100,Yes
2074,159,2017-10-23,1,1,1,1,1,1,100,Yes
2075,159,2017-11-09,1,1,1,1,1,1,100,Yes
2076,159,2017-11-13,1,1,1,1,1,1,100,Yes
2077,160,2019-04-29,1,1,1,1,1,1,100,Yes
2078,160,2019-04-29,1,1,1,1,1,1,100,Yes
2079,160,2019-05-06,1,1,1,1,1,1,100,Yes
2080,160,2019-05-13,1,1,1,1,1,1,100,Yes
2081,161,2019-04-08,1,1,1,1,1,1,100,Yes
2082,161,2019-04-08,1,1,1,1,1,1,100,Yes
2083,161,2019-04-15,1,1,1,1,1,1,100,Yes
2084,161,2019-04-15,1,1,1,1,1,1,100,Yes
2085,161,2019-04-29,1,1,1,1,1,1,100,Yes
2086,161,2019-04-29,1,1,1,1,1,1,100,Yes
2087,161,2019-05-06,1,1,1,1,1,1,100,Yes
2088,161,2019-05-13,1,1,1,1,1,1,100,Yes
2089,162,2019-05-20,0,1,0,1,0,1,50,No
2090,162,2019-05-27,0,1,0,1,0,1,50,No
2091,163,2019-04-08,1,1,1,1,1,1,100,Yes
2092,163,2019-04-08,1,1,1,1,1,1,100,Yes
2093,163,2019-04-15,1,1,1,1,1,1,100,Yes
2094,163,2019-04-15,1,1,1,1,1,1,100,Yes
2095,163,2019-04-29,1,1,0,1,0,1,67,No
2096,163,2019-04-29,1,1,0,1,0,1,67,No
2097,163,2019-05-06,0,0,0,1,0,1,33,No
2098,163,2019-05-13,0,0,0,1,0,1,33,No
2099,163,2019-05-20,0,1,0,1,0,1,50,No
2100,164,2019-04-29,0,1,1,1,0,1,67,No
2101,164,2019-05-06,1,1,1,1,1,1,100,Yes
2102,164,2019-05-13,1,1,1,1,1,1,100,Yes
2103,165,2019-04-29,0,1,1,1,1,1,83,No
2104,165,2019-04-29,0,1,1,1,0,1,67,No
2105,165,2019-04-29,0,1,1,1,1,1,83,No
2106,165,2019-05-06,0,1,0,1,0,1,50,No
2107,165,2019-05-13,0,1,0,1,0,1,50,No
2108,165,2019-05-20,0,1,0,1,0,1,50,No
2109,165,2019-05-27,0,1,1,1,0,1,67,No
2110,166,2019-05-06,0,1,1,1,1,1,83,No
2111,166,2019-05-13,1,1,1,1,1,1,100,Yes
2112,166,2019-05-20,1,1,1,1,1,1,100,Yes
2113,166,2019-05-27,1,1,1,1,1,,83,No
2114,167,2019-04-08,1,1,0,1,1,1,83,No
2115,167,2019-04-08,1,1,0,1,1,1,83,No
2116,167,2019-04-15,0,1,0,1,0,1,50,No
2117,167,2019-04-15,0,1,0,1,0,1,50,No
2118,167,2019-04-29,0,1,1,1,1,1,83,No
2119,167,2019-04-29,0,1,1,1,1,1,83,No
2120,167,2019-05-06,1,1,1,1,1,1,100,Yes
2121,167,2019-05-13,1,1,1,1,1,1,100,Yes
2122,168,2019-05-27,0,1,0,1,0,1,50,No
2123,169,2018-06-28,0,1,0,1,0,1,50,No
2124,170,2018-06-28,0,0,0,0,0,0,0,No
2125,171,2018-05-15,0,1,0,1,0,1,50,No
2126,171,2018-05-15,0,1,0,1,0,1,50,No
2127,171,2018-05-28,1,1,1,1,1,1,100,Yes
2128,171,2018-05-28,1,1,1,1,1,1,100,Yes
2129,171,2018-06-04,1,1,1,1,1,1,100,Yes
2130,171,2018-06-04,1,1,1,1,1,1,100,Yes
2131,171,2018-06-11,1,1,1,1,1,1,100,Yes
2132,171,2018-06-11,1,1,1,1,1,1,100,Yes
2133,171,2018-06-26,1,1,1,1,1,1,100,Yes
2134,171,2018-06-26,1,1,1,1,1,1,100,Yes
2135,171,2018-07-02,1,1,1,1,1,1,100,Yes
2136,171,2018-07-02,1,1,1,1,1,1,100,Yes
2137,171,2018-07-10,1,1,1,1,1,1,100,Yes
2138,171,2018-07-10,1,1,1,1,1,1,100,Yes
2139,171,2018-07-16,1,1,1,1,1,1,100,Yes
2140,171,2018-07-16,1,1,1,1,1,1,100,Yes
2141,171,2018-07-23,1,1,1,1,1,1,100,Yes
2142,171,2018-07-23,1,1,1,1,1,1,100,Yes
2143,171,2018-07-30,1,1,1,1,1,1,100,Yes
2144,171,2018-07-30,1,1,1,1,1,1,100,Yes
2145,171,2018-08-27,1,1,1,1,1,1,100,Yes
2146,171,2018-08-27,1,1,1,1,1,1,100,Yes
2147,171,2018-09-03,1,1,1,1,1,1,100,Yes
2148,171,2018-09-03,1,1,1,1,1,1,100,Yes
2149,171,2018-09-10,1,1,1,1,1,1,100,Yes
2150,171,2018-09-10,1,1,1,1,1,1,100,Yes
2151,171,2018-09-18,1,1,1,1,1,1,100,Yes
2152,171,2018-09-18,1,1,1,1,1,1,100,Yes
2153,171,2018-09-24,1,1,1,1,0,1,83,No
2154,171,2018-09-24,1,1,1,1,0,1,83,No
2155,171,2018-10-01,1,0,1,1,0,1,67,No
2156,171,2018-10-01,1,0,1,1,0,1,67,No
2157,171,2018-10-08,1,0,1,1,1,1,83,No
2158,171,2018-10-08,1,0,1,1,1,1,83,No
2159,172,2018-04-02,1,1,0,1,1,1,83,No
2160,172,2018-04-02,1,1,0,1,1,1,83,No
2161,172,2018-04-09,1,1,0,1,1,1,83,No
2162,172,2018-04-09,1,1,0,1,1,1,83,No
2163,172,2018-04-16,1,1,0,1,1,1,83,No
2164,172,2018-04-16,1,1,0,1,1,1,83,No
2165,173,2019-05-20,1,1,1,1,1,1,100,Yes
2166,173,2019-05-27,1,1,0,1,1,1,83,No
2167,174,2018-04-02,1,1,0,1,1,1,83,No
2168,174,2018-04-02,1,1,0,1,1,1,83,No
2169,174,2018-04-09,1,1,0,1,1,1,83,No
2170,174,2018-04-09,1,1,0,1,1,1,83,No
2171,174,2018-04-16,1,1,0,1,1,1,83,No
2172,174,2018-04-16,1,1,0,1,1,1,83,No
2173,175,2018-04-23,1,1,0,1,1,1,83,No
2174,175,2018-04-23,1,1,0,1,1,1,83,No
2175,175,2018-05-01,1,1,0,1,1,1,83,No
2176,175,2018-05-01,1,1,0,1,1,1,83,No
2177,175,2018-05-07,1,1,0,1,1,1,83,No
2178,175,2018-05-07,1,1,0,1,1,1,83,No
2179,175,2018-05-15,1,1,0,1,1,1,83,No
2180,175,2018-05-15,1,1,0,1,1,1,83,No
2181,175,2018-05-25,1,1,0,1,1,1,83,No
2182,175,2018-05-25,1,1,0,1,1,1,83,No
2183,175,2018-06-04,1,1,0,1,1,1,83,No
2184,175,2018-06-04,1,1,0,1,1,1,83,No
2185,175,2018-06-11,1,1,0,1,1,1,83,No
2186,175,2018-06-11,1,1,0,1,1,1,83,No
2187,175,2018-06-26,1,1,0,1,1,1,83,No
2188,175,2018-06-26,1,1,0,1,1,1,83,No
2189,175,2018-07-02,1,1,0,1,1,1,83,No
2190,175,2018-07-02,1,1,0,1,1,1,83,No
2191,175,2018-07-10,1,0,1,1,1,1,83,No
2192,175,2018-07-10,1,0,1,1,1,1,83,No
2193,175,2018-07-16,1,1,0,1,1,1,83,No
2194,175,2018-07-16,1,1,0,1,1,1,83,No
2195,175,2018-07-23,1,1,0,1,1,1,83,No
2196,175,2018-07-23,1,1,0,1,1,1,83,No
2197,175,2018-07-30,1,1,0,1,1,1,83,No
2198,175,2018-07-30,1,1,0,1,1,1,83,No
2199,175,2018-08-27,1,1,0,1,1,1,83,No
2200,175,2018-08-27,1,1,0,1,1,1,83,No
2201,175,2018-09-03,1,1,0,1,1,1,83,No
2202,175,2018-09-03,1,1,0,1,1,1,83,No
2203,175,2018-09-10,1,1,0,1,1,1,83,No
2204,175,2018-09-10,1,1,0,1,1,1,83,No
2205,175,2018-09-18,1,1,1,1,1,1,100,Yes
2206,175,2018-09-18,1,1,1,1,1,1,100,Yes
2207,175,2018-09-24,1,1,0,1,1,1,83,No
2208,175,2018-09-24,1,1,0,1,1,1,83,No
2209,175,2018-10-01,1,1,0,1,1,1,83,No
2210,175,2018-10-01,1,1,0,1,1,1,83,No
2211,175,2018-10-08,1,1,0,1,1,1,83,No
2212,175,2018-10-08,1,1,0,1,1,1,83,No
2213,176,2019-05-27,1,1,0,1,1,1,83,No
2214,176,2019-05-20,1,1,1,1,1,1,100,Yes
2215,177,2016-09-09,1,1,1,1,1,1,100,Yes
2216,177,2016-09-16,1,1,1,1,1,1,100,Yes
2217,177,2016-09-22,1,1,1,1,1,1,100,Yes
2218,177,2016-09-28,1,1,1,1,1,1,100,Yes
2219,177,2016-10-14,1,1,1,1,1,1,100,Yes
2220,177,2016-10-21,1,1,1,0,1,1,83,No
2221,177,2017-04-26,1,1,1,1,1,1,100,Yes
2222,177,2017-05-10,1,1,1,1,1,1,100,Yes
2223,177,2017-05-17,1,1,1,1,1,1,100,Yes
2224,177,2017-05-26,1,1,1,1,1,1,100,Yes
2225,177,2017-05-31,1,1,1,1,1,1,100,Yes
2226,177,2017-06-07,1,1,1,1,1,1,100,Yes
2227,177,2017-06-16,1,1,1,1,1,1,100,Yes
2228,177,2017-06-21,1,1,1,1,1,1,100,Yes
2229,177,2017-06-30,1,1,1,1,1,1,100,Yes
2230,177,2017-07-07,1,1,1,1,1,1,100,Yes
2231,177,2017-07-14,1,1,1,1,1,1,100,Yes
2232,177,2017-07-21,1,1,1,1,1,1,100,Yes
2233,177,2017-07-28,1,1,1,1,1,1,100,Yes
2234,177,2017-08-03,1,1,1,1,1,1,100,Yes
2235,177,2017-08-25,1,1,1,1,1,1,100,Yes
2236,177,2017-10-13,1,1,1,1,1,1,100,Yes
2237,178,2016-07-22,1,1,0,1,1,1,83,No
2238,178,2016-07-29,1,1,1,1,1,1,100,Yes
2239,179,2016-09-09,1,1,0,1,1,1,83,No
2240,179,2016-09-16,1,1,0,1,1,1,83,No
2241,179,2016-09-22,1,1,0,1,1,1,83,No
2242,179,2016-09-28,1,1,0,1,1,1,83,No
2243,179,2016-10-14,1,1,0,1,1,1,83,No
2244,179,2016-10-21,1,1,0,1,1,1,83,No
2245,179,2017-04-26,1,1,1,1,1,1,100,Yes
2246,179,2017-05-10,0,1,0,1,1,1,67,No
2247,179,2017-05-17,1,1,1,1,1,1,100,Yes
2248,179,2017-05-26,1,1,1,1,1,1,100,Yes
2249,179,2017-05-31,1,1,1,1,1,1,100,Yes
2250,179,2017-06-07,1,1,1,1,1,1,100,Yes
2251,179,2017-06-16,0,1,0,1,0,1,50,No
2252,179,2017-06-21,0,1,0,1,0,1,50,No
2253,179,2017-06-21,1,1,1,1,1,1,100,Yes
2254,179,2017-06-30,0,1,0,1,0,1,50,No
2255,179,2017-07-07,0,1,0,1,0,1,50,No
2256,179,2017-07-14,0,1,0,1,1,1,67,No
2257,179,2017-07-21,1,1,1,1,1,1,100,Yes
2258,179,2017-07-28,1,1,1,1,1,1,100,Yes
2259,179,2017-08-03,1,1,1,1,1,1,100,Yes
2260,179,2017-08-25,1,1,1,1,1,1,100,Yes
2261,179,2017-10-13,1,1,1,1,1,1,100,Yes
2262,180,2016-07-22,1,1,1,1,1,0,83,No
2263,180,2016-07-29,1,1,1,1,1,1,100,Yes
2264,181,2016-09-09,1,1,1,1,1,1,100,Yes
2265,181,2016-09-16,1,1,1,1,1,1,100,Yes
2266,181,2016-09-22,1,1,1,1,1,1,100,Yes
2267,181,2016-09-28,1,1,1,1,1,0,83,No
2268,181,2016-10-14,1,1,1,1,1,1,100,Yes
2269,181,2016-10-21,1,1,1,0,1,1,83,No
2270,181,2017-04-26,1,1,1,1,1,1,100,Yes
2271,181,2017-05-10,1,0,1,0,1,0,50,No
2272,181,2017-05-17,1,1,1,1,1,1,100,Yes
2273,181,2017-05-26,1,0,0,0,1,1,50,No
2274,181,2017-05-31,1,0,0,0,1,1,50,No
2275,181,2017-06-07,1,1,1,1,1,1,100,Yes
2276,181,2017-06-16,1,1,1,1,1,1,100,Yes
2277,181,2017-06-21,1,1,1,1,1,1,100,Yes
2278,181,2017-06-30,1,1,1,1,1,1,100,Yes
2279,181,2017-07-07,1,1,1,1,1,1,100,Yes
2280,181,2017-07-14,1,1,1,1,0,1,83,No
2281,181,2017-07-21,1,1,1,1,1,1,100,Yes
2282,181,2017-07-28,1,1,1,1,1,1,100,Yes
2283,181,2017-08-03,1,1,1,1,1,1,100,Yes
2284,181,2017-08-25,1,1,1,1,1,1,100,Yes
2285,181,2017-10-13,1,1,1,1,1,1,100,Yes
2286,182,2016-07-22,1,1,1,1,1,1,100,Yes
2287,182,2016-07-29,1,1,1,1,1,1,100,Yes
2288,183,2016-09-09,1,1,1,0,1,1,83,No
2289,183,2016-09-16,1,1,1,0,1,1,83,No
2290,183,2016-09-22,1,1,0,1,1,1,83,No
2291,183,2016-09-28,1,1,1,0,1,1,83,No
2292,183,2016-10-14,1,0,1,1,1,1,83,No
2293,183,2016-10-21,1,0,1,0,1,1,67,No
2294,183,2017-04-26,0,1,0,1,0,1,50,No
2295,183,2017-05-10,1,1,1,1,1,1,100,Yes
2296,183,2017-05-17,1,1,1,1,1,1,100,Yes
2297,183,2017-05-26,1,1,1,1,1,0,83,No
2298,183,2017-05-31,1,1,1,1,1,1,100,Yes
2299,183,2017-06-07,1,1,1,1,1,1,100,Yes
2300,183,2017-06-16,1,1,1,1,1,1,100,Yes
2301,183,2017-06-30,1,1,1,1,1,1,100,Yes
2302,183,2017-07-07,1,1,1,1,0,1,83,No
2303,183,2017-07-14,1,1,1,1,1,1,100,Yes
2304,183,2017-07-21,1,1,1,1,1,1,100,Yes
2305,183,2017-07-28,1,1,1,1,1,1,100,Yes
2306,183,2017-08-03,1,1,1,1,1,1,100,Yes
2307,183,2017-08-25,1,1,1,1,1,1,100,Yes
2308,183,2017-10-13,1,1,1,1,1,1,100,Yes
2309,184,2016-07-22,0,0,0,1,0,1,33,No
2310,184,2016-07-29,0,0,0,1,0,1,33,No
2311,185,2018-04-02,0,1,0,1,0,1,50,No
2312,185,2018-04-02,0,1,0,1,0,1,50,No
2313,185,2018-04-09,0,1,0,1,0,1,50,No
2314,185,2018-04-09,0,1,0,1,0,1,50,No
2315,185,2018-04-16,0,1,0,1,0,1,50,No
2316,185,2018-04-16,0,1,0,1,0,1,50,No
2317,185,2018-05-07,1,1,0,1,1,1,83,No
2318,185,2018-05-07,1,1,0,1,1,1,83,No
2319,185,2018-05-15,1,1,0,1,1,1,83,No
2320,185,2018-05-15,1,1,0,1,1,1,83,No
2321,185,2018-05-25,1,1,0,1,1,1,83,No
2322,185,2018-05-25,1,1,0,1,1,1,83,No
2323,185,2018-06-04,1,1,0,1,1,1,83,No
2324,185,2018-06-04,1,1,0,1,1,1,83,No
2325,185,2018-06-11,1,1,0,1,1,1,83,No
2326,185,2018-06-11,1,1,0,1,1,1,83,No
2327,185,2018-06-26,1,1,0,1,1,1,83,No
2328,185,2018-06-26,1,1,0,1,1,1,83,No
2329,185,2018-07-02,1,1,0,1,1,1,83,No
2330,185,2018-07-02,1,1,0,1,1,1,83,No
2331,185,2018-07-10,1,1,1,1,1,1,100,Yes
2332,185,2018-07-10,1,1,1,1,1,1,100,Yes
2333,185,2018-07-23,1,1,1,1,1,1,100,Yes
2334,185,2018-07-23,1,1,1,1,1,1,100,Yes
2335,185,2018-07-30,1,1,1,1,1,1,100,Yes
2336,185,2018-07-30,1,1,1,1,1,1,100,Yes
2337,185,2018-08-27,1,1,0,1,1,1,83,No
2338,185,2018-08-27,1,1,0,1,1,1,83,No
2339,185,2018-09-03,1,1,0,1,1,1,83,No
2340,185,2018-09-03,1,1,0,1,1,1,83,No
2341,185,2018-09-10,1,1,0,1,1,1,83,No
2342,185,2018-09-10,1,1,0,1,1,1,83,No
2343,185,2018-09-18,1,1,0,1,1,1,83,No
2344,185,2018-09-18,1,1,0,1,1,1,83,No
2345,185,2018-09-24,1,1,0,1,1,1,83,No
2346,185,2018-09-24,1,1,0,1,1,1,83,No
2347,185,2018-10-01,1,1,0,1,1,1,83,No
2348,185,2018-10-01,1,1,0,1,1,1,83,No
2349,185,2018-10-08,1,1,0,1,1,1,83,No
2350,185,2018-10-08,1,1,0,1,1,1,83,No
2351,186,2019-05-20,1,1,1,1,1,1,100,Yes
2352,186,2019-05-27,1,1,1,1,1,1,100,Yes
2353,187,2018-04-23,1,1,0,1,1,1,83,No
2354,187,2018-04-23,1,1,0,1,1,1,83,No
2355,187,2018-05-01,1,1,0,1,1,1,83,No
2356,187,2018-05-01,1,1,0,1,1,1,83,No
2357,187,2018-07-16,1,1,1,1,1,1,100,Yes
2358,187,2018-07-16,1,1,1,1,1,1,100,Yes
2359,188,2018-04-02,1,1,0,1,1,1,83,No
2360,188,2018-04-02,1,1,0,1,1,1,83,No
2361,188,2018-04-09,1,1,0,1,1,1,83,No
2362,188,2018-04-09,1,1,0,1,1,1,83,No
2363,188,2018-04-16,1,1,0,1,1,1,83,No
2364,188,2018-04-16,1,1,0,1,1,1,83,No
2365,188,2018-04-23,1,1,0,1,1,1,83,No
2366,188,2018-04-23,1,1,0,1,1,1,83,No
2367,188,2018-05-01,1,1,0,1,1,1,83,No
2368,188,2018-05-01,1,1,0,1,1,1,83,No
2369,188,2018-05-07,1,1,0,1,1,1,83,No
2370,188,2018-05-07,1,1,0,1,1,1,83,No
2371,188,2018-05-15,1,1,0,1,1,1,83,No
2372,188,2018-05-15,1,1,0,1,1,1,83,No
2373,188,2018-05-25,1,1,0,1,1,1,83,No
2374,188,2018-05-25,1,1,0,1,1,1,83,No
2375,188,2018-06-04,1,1,0,1,1,1,83,No
2376,188,2018-06-04,1,1,0,1,1,1,83,No
2377,188,2018-06-11,1,1,0,1,1,1,83,No
2378,188,2018-06-11,1,1,0,1,1,1,83,No
2379,188,2018-06-26,1,1,0,1,1,1,83,No
2380,188,2018-06-26,1,1,0,1,1,1,83,No
2381,188,2018-07-02,1,1,0,1,1,1,83,No
2382,188,2018-07-02,1,1,0,1,1,1,83,No
2383,188,2018-07-10,1,0,1,1,1,1,83,No
2384,188,2018-07-10,1,0,1,1,1,1,83,No
2385,188,2018-07-16,1,1,0,1,1,1,83,No
2386,188,2018-07-16,1,1,0,1,1,1,83,No
2387,188,2018-07-23,1,1,0,1,1,1,83,No
2388,188,2018-07-23,1,1,0,1,1,1,83,No
2389,188,2018-07-30,1,1,0,1,1,1,83,No
2390,188,2018-07-30,1,1,0,1,1,1,83,No
2391,188,2018-08-27,1,1,0,1,1,1,83,No
2392,188,2018-08-27,1,1,0,1,1,1,83,No
2393,188,2018-09-03,1,1,0,1,1,1,83,No
2394,188,2018-09-03,1,1,0,1,1,1,83,No
2395,188,2018-09-10,1,1,0,1,1,1,83,No
2396,188,2018-09-10,1,1,0,1,1,1,83,No
2397,188,2018-09-18,1,1,0,1,1,1,83,No
2398,188,2018-09-18,1,1,0,1,1,1,83,No
2399,188,2018-09-24,1,1,0,1,1,1,83,No
2400,188,2018-09-24,1,1,0,1,1,1,83,No
2401,188,2018-10-01,1,1,0,1,1,1,83,No
2402,188,2018-10-01,1,1,0,1,1,1,83,No
2403,188,2018-10-08,1,1,0,1,1,1,83,No
2404,188,2018-10-08,1,1,0,1,1,1,83,No
