ObsID,Date,Obs_Time,Obs_Hour
1,3/29/2016,0:51,54
2,3/29/2016,1:51,1
3,3/29/2016,2:51,2
4,3/29/2016,3:51,3
5,3/29/2016,4:51,4
6,3/29/2016,5:51,5
7,3/29/2016,6:51,6
8,3/29/2016,7:51,7
9,3/29/2016,8:51,8
10,3/29/2016,9:51,9
11,3/29/2016,10:51,10
12,3/29/2016,11:51,11
13,3/29/2016,12:51,12
14,3/29/2016,13:51,13
15,3/29/2016,14:51,14
16,3/29/2016,15:51,15
17,3/29/2016,16:51,16
18,3/29/2016,17:51,17
19,3/29/2016,18:51,18
20,3/29/2016,19:51,19
21,3/29/2016,20:51,20
22,3/29/2016,21:51,21
23,3/29/2016,22:51,22
24,3/29/2016,23:51,23
25,4/21/2016,0:51,0
26,4/21/2016,1:51,1
27,4/21/2016,2:51,2
28,4/21/2016,3:51,3
29,4/21/2016,4:51,4
30,4/21/2016,5:51,5
31,4/21/2016,6:51,6
32,4/21/2016,7:51,7
33,4/21/2016,8:51,8
34,4/21/2016,9:51,9
35,4/21/2016,10:51,10
36,4/21/2016,11:51,11
37,4/21/2016,12:51,12
38,4/21/2016,13:51,13
39,4/21/2016,14:51,14
40,4/21/2016,15:51,15
41,4/21/2016,16:51,16
42,4/21/2016,17:51,17
43,4/21/2016,18:51,18
44,4/21/2016,19:51,19
45,4/21/2016,20:51,20
46,4/21/2016,21:51,21
47,4/21/2016,22:51,22
48,4/21/2016,23:51,23
49,4/28/2016,0:51,0
50,4/28/2016,1:51,1
51,4/28/2016,2:51,2
52,4/28/2016,3:51,3
53,4/28/2016,4:51,4
54,4/28/2016,5:51,5
55,4/28/2016,6:51,6
56,4/28/2016,7:51,7
57,4/28/2016,8:51,8
58,4/28/2016,9:51,9
59,4/28/2016,10:51,10
60,4/28/2016,11:51,11
61,4/28/2016,12:51,12
62,4/28/2016,13:51,13
63,4/28/2016,14:51,14
64,4/28/2016,15:51,15
65,4/28/2016,16:51,16
66,4/28/2016,17:51,17
67,4/28/2016,18:51,18
68,4/28/2016,19:51,19
69,4/28/2016,20:51,20
70,4/28/2016,21:51,21
71,4/28/2016,22:51,22
72,4/28/2016,23:51,23
73,5/2/2016,0:51,0
74,5/2/2016,1:51,1
75,5/2/2016,2:51,2
76,5/2/2016,3:51,3
77,5/2/2016,4:51,4
78,5/2/2016,5:51,5
79,5/2/2016,6:51,6
80,5/2/2016,7:51,7
81,5/2/2016,8:51,8
82,5/2/2016,9:51,9
83,5/2/2016,10:51,10
84,5/2/2016,11:51,11
85,5/2/2016,12:51,12
86,5/2/2016,13:51,13
87,5/2/2016,14:51,14
88,5/2/2016,15:51,15
89,5/2/2016,16:51,16
90,5/2/2016,17:51,17
91,5/2/2016,18:51,18
92,5/2/2016,19:51,19
93,5/2/2016,20:51,20
94,5/2/2016,21:51,21
95,5/2/2016,22:51,22
96,5/2/2016,23:51,23
97,5/9/2016,0:51,0
98,5/9/2016,1:51,1
99,5/9/2016,2:51,2
100,5/9/2016,3:51,3
101,5/9/2016,4:51,4
102,5/9/2016,5:51,5
103,5/9/2016,6:51,6
104,5/9/2016,7:51,7
105,5/9/2016,8:51,8
106,5/9/2016,9:51,9
107,5/9/2016,10:51,10
108,5/9/2016,11:51,11
109,5/9/2016,12:51,12
110,5/9/2016,13:51,13
111,5/9/2016,14:51,14
112,5/9/2016,15:51,15
113,5/9/2016,16:51,16
114,5/9/2016,17:51,17
115,5/9/2016,18:51,18
116,5/9/2016,19:51,19
117,5/9/2016,20:51,20
118,5/9/2016,21:51,21
119,5/9/2016,22:51,22
120,5/9/2016,23:51,23
121,5/24/2016,0:51,0
122,5/24/2016,1:51,1
123,5/24/2016,2:51,2
124,5/24/2016,3:51,3
125,5/24/2016,4:51,4
126,5/24/2016,5:51,5
127,5/24/2016,6:51,6
128,5/24/2016,7:51,7
129,5/24/2016,8:51,8
130,5/24/2016,9:51,9
131,5/24/2016,10:51,10
132,5/24/2016,11:51,11
133,5/24/2016,12:51,12
134,5/24/2016,13:51,13
135,5/24/2016,14:51,14
136,5/24/2016,15:51,15
137,5/24/2016,16:51,16
138,5/24/2016,17:51,17
139,5/24/2016,18:51,18
140,5/24/2016,19:51,19
141,5/24/2016,20:51,20
142,5/24/2016,21:51,21
143,5/24/2016,22:51,22
144,5/24/2016,23:51,23
145,7/27/2016,0:51,0
146,7/27/2016,1:51,1
147,7/27/2016,2:51,2
148,7/27/2016,3:51,3
149,7/27/2016,4:51,4
150,7/27/2016,5:51,5
151,7/27/2016,6:51,6
152,7/27/2016,7:51,7
153,7/27/2016,8:51,8
154,7/27/2016,9:51,9
155,7/27/2016,10:51,10
156,7/27/2016,11:51,11
157,7/27/2016,12:51,12
158,7/27/2016,13:51,13
159,7/27/2016,14:51,14
160,7/27/2016,15:51,15
161,7/27/2016,16:51,16
162,7/27/2016,17:51,17
163,7/27/2016,18:51,18
164,7/27/2016,19:51,19
165,7/27/2016,20:51,20
166,7/27/2016,21:51,21
167,7/27/2016,22:51,22
168,7/27/2016,23:51,23
169,8/2/2016,0:51,0
170,8/2/2016,1:51,1
171,8/2/2016,2:51,2
172,8/2/2016,3:51,3
173,8/2/2016,4:51,4
174,8/2/2016,5:51,5
175,8/2/2016,6:51,6
176,8/2/2016,7:51,7
177,8/2/2016,8:51,8
178,8/2/2016,9:51,9
179,8/2/2016,10:51,10
180,8/2/2016,11:51,11
181,8/2/2016,12:51,12
182,8/2/2016,13:51,13
183,8/2/2016,15:51,14
184,8/2/2016,16:51,15
185,8/2/2016,17:51,16
186,8/2/2016,18:51,17
187,8/2/2016,19:51,18
188,8/2/2016,20:51,19
189,8/2/2016,21:51,20
190,8/2/2016,22:51,21
191,8/2/2016,23:10,22
192,8/2/2016,23:51,23
193,8/11/2016,0:51,0
194,8/11/2016,1:51,1
195,8/11/2016,2:51,2
196,8/11/2016,3:51,3
197,8/11/2016,4:51,4
198,8/11/2016,5:51,5
199,8/11/2016,6:51,6
200,8/11/2016,7:51,7
201,8/11/2016,8:51,8
202,8/11/2016,9:51,9
203,8/11/2016,10:51,10
204,8/11/2016,11:51,11
205,8/11/2016,12:51,12
206,8/11/2016,13:51,13
207,8/11/2016,14:51,14
208,8/11/2016,15:51,15
209,8/11/2016,16:51,16
210,8/11/2016,17:51,17
211,8/11/2016,18:51,18
212,8/11/2016,19:51,19
213,8/11/2016,20:51,20
214,8/11/2016,21:51,21
215,8/11/2016,22:51,22
216,8/11/2016,23:51,23
217,8/15/2016,0:51,0
218,8/15/2016,1:51,1
219,8/15/2016,2:51,2
220,8/15/2016,3:51,3
221,8/15/2016,4:51,4
222,8/15/2016,5:51,5
223,8/15/2016,6:51,6
224,8/15/2016,7:51,7
225,8/15/2016,8:51,8
226,8/15/2016,9:51,9
227,8/15/2016,10:51,10
228,8/15/2016,11:51,11
229,8/15/2016,12:51,12
230,8/15/2016,13:51,13
231,8/15/2016,14:51,14
232,8/15/2016,15:51,15
233,8/15/2016,16:51,16
234,8/15/2016,17:51,17
235,8/15/2016,18:51,18
236,8/15/2016,19:51,19
237,8/15/2016,20:51,20
238,8/15/2016,21:51,21
239,8/15/2016,22:51,22
240,8/15/2016,23:51,23
241,8/15/2016,0:51,0
242,8/15/2016,1:51,1
243,8/15/2016,2:51,2
244,8/15/2016,3:51,3
245,8/15/2016,4:51,4
246,8/15/2016,5:51,5
247,8/15/2016,6:51,6
248,8/15/2016,7:51,7
249,8/15/2016,8:51,8
250,8/15/2016,9:51,9
251,8/15/2016,10:51,10
252,8/15/2016,11:51,11
253,8/15/2016,12:51,12
254,8/15/2016,13:51,13
255,8/15/2016,14:51,14
256,8/15/2016,15:51,15
257,8/15/2016,16:51,16
258,8/15/2016,17:51,17
259,8/15/2016,18:51,18
260,8/15/2016,19:51,19
261,8/15/2016,20:51,20
262,8/15/2016,21:51,21
263,8/15/2016,22:51,22
264,8/15/2016,23:51,23
265,8/16/2016,0:51,0
266,8/16/2016,1:51,1
267,8/16/2016,2:51,2
268,8/16/2016,3:51,3
269,8/16/2016,4:51,4
270,8/16/2016,5:51,5
271,8/16/2016,6:51,6
272,8/16/2016,7:51,7
273,8/16/2016,8:51,8
274,8/16/2016,9:51,9
275,8/16/2016,10:51,10
276,8/16/2016,11:51,11
277,8/16/2016,12:51,12
278,8/16/2016,13:51,13
279,8/16/2016,14:51,14
280,8/16/2016,15:51,15
281,8/16/2016,16:51,16
282,8/16/2016,17:51,17
283,8/16/2016,18:51,18
284,8/16/2016,19:51,19
285,8/16/2016,20:51,20
286,8/16/2016,21:51,21
287,8/16/2016,22:51,22
288,8/16/2016,23:51,23
289,8/17/2016,0:51,0
290,8/17/2016,1:51,1
291,8/17/2016,2:51,2
292,8/17/2016,3:51,3
293,8/17/2016,4:51,4
294,8/17/2016,5:51,5
295,8/17/2016,6:51,6
296,8/17/2016,7:51,7
297,8/17/2016,8:51,8
298,8/17/2016,9:51,9
299,8/17/2016,10:51,10
300,8/17/2016,11:51,11
301,8/17/2016,12:51,12
302,8/17/2016,13:51,13
303,8/17/2016,14:51,14
304,8/17/2016,15:51,15
305,8/17/2016,16:51,16
306,8/17/2016,17:51,17
307,8/17/2016,18:51,18
308,8/17/2016,19:51,19
309,8/17/2016,20:51,20
310,8/17/2016,21:51,21
311,8/17/2016,22:51,22
312,8/17/2016,23:51,23
313,8/24/2016,0:51,0
314,8/24/2016,1:51,1
315,8/24/2016,2:51,2
316,8/24/2016,3:51,3
317,8/24/2016,4:51,4
318,8/24/2016,5:51,5
319,8/24/2016,6:51,6
320,8/24/2016,7:51,7
321,8/24/2016,8:51,8
322,8/24/2016,9:51,9
323,8/24/2016,10:51,10
324,8/24/2016,11:51,11
325,8/24/2016,12:51,12
326,8/24/2016,13:51,13
327,8/24/2016,14:51,14
328,8/24/2016,15:51,15
329,8/24/2016,16:51,16
330,8/24/2016,17:51,17
331,8/24/2016,18:51,18
332,8/24/2016,19:51,19
333,8/24/2016,21:05,20
334,8/24/2016,21:51,21
335,8/24/2016,22:51,22
336,8/24/2016,23:51,23
337,8/30/2016,0:51,0
338,8/30/2016,1:51,1
339,8/30/2016,2:51,2
340,8/30/2016,3:51,3
341,8/30/2016,4:51,4
342,8/30/2016,5:51,5
343,8/30/2016,6:51,6
344,8/30/2016,7:51,7
345,8/30/2016,8:51,8
346,8/30/2016,9:51,9
347,8/30/2016,10:51,10
348,8/30/2016,11:51,11
349,8/30/2016,12:51,12
350,8/30/2016,13:51,13
351,8/30/2016,14:51,14
352,8/30/2016,15:51,15
353,8/30/2016,16:51,16
354,8/30/2016,17:51,17
355,8/30/2016,18:51,18
356,8/30/2016,19:51,19
357,8/30/2016,20:51,20
358,8/30/2016,21:51,21
359,8/30/2016,22:51,22
360,8/30/2016,23:51,23
361,9/27/2016,0:51,0
362,9/27/2016,1:51,1
363,9/27/2016,2:51,2
364,9/27/2016,3:51,3
365,9/27/2016,4:51,4
366,9/27/2016,5:51,5
367,9/27/2016,6:51,6
368,9/27/2016,7:51,7
369,9/27/2016,8:51,8
370,9/27/2016,9:51,9
371,9/27/2016,10:51,10
372,9/27/2016,11:51,11
373,9/27/2016,12:51,12
374,9/27/2016,13:51,13
375,9/27/2016,14:51,14
376,9/27/2016,15:51,15
377,9/27/2016,16:51,16
378,9/27/2016,17:51,17
379,9/27/2016,18:51,18
380,9/27/2016,19:51,19
381,9/27/2016,20:51,20
382,9/27/2016,21:51,21
383,9/27/2016,22:51,22
384,9/27/2016,23:51,23
385,9/27/2016,0:51,0
386,9/27/2016,1:51,1
387,9/27/2016,2:51,2
388,9/27/2016,3:51,3
389,9/27/2016,4:51,4
390,9/27/2016,5:51,5
391,9/27/2016,6:51,6
392,9/27/2016,7:51,7
393,9/27/2016,8:51,8
394,9/27/2016,9:51,9
395,9/27/2016,10:51,10
396,9/27/2016,11:51,11
397,9/27/2016,12:51,12
398,9/27/2016,13:51,13
399,9/27/2016,14:51,14
400,9/27/2016,15:51,15
401,9/27/2016,16:51,16
402,9/27/2016,17:51,17
403,9/27/2016,18:51,18
404,9/27/2016,19:51,19
405,9/27/2016,20:51,20
406,9/27/2016,21:51,21
407,9/27/2016,22:51,22
408,9/27/2016,23:51,23
409,10/12/2016,0:51,0
410,10/12/2016,1:51,1
411,10/12/2016,2:51,2
412,10/12/2016,3:51,3
413,10/12/2016,4:51,4
414,10/12/2016,5:51,5
415,10/12/2016,6:51,6
416,10/12/2016,7:51,7
417,10/12/2016,8:51,8
418,10/12/2016,9:51,9
419,10/12/2016,10:51,10
420,10/12/2016,11:51,11
421,10/12/2016,12:51,12
422,10/12/2016,13:51,13
423,10/12/2016,14:51,14
424,10/12/2016,15:51,15
425,10/12/2016,16:51,16
426,10/12/2016,17:51,17
427,10/12/2016,18:51,18
428,10/12/2016,19:51,19
429,10/12/2016,20:51,20
430,10/12/2016,21:51,21
431,10/12/2016,22:51,22
432,10/12/2016,23:51,23
433,10/26/2016,0:51,0
434,10/26/2016,1:51,1
435,10/26/2016,2:51,2
436,10/26/2016,3:51,3
437,10/26/2016,4:51,4
438,10/26/2016,5:51,5
439,10/26/2016,6:51,6
440,10/26/2016,7:51,7
441,10/26/2016,8:51,8
442,10/26/2016,9:51,9
443,10/26/2016,10:51,10
444,10/26/2016,11:51,11
445,10/26/2016,12:51,12
446,10/26/2016,13:51,13
447,10/26/2016,14:51,14
448,10/26/2016,15:51,15
449,10/26/2016,16:51,16
450,10/26/2016,17:51,17
451,10/26/2016,18:51,18
452,10/26/2016,19:51,19
453,10/26/2016,20:51,20
454,10/26/2016,21:51,21
455,10/26/2016,22:51,22
456,10/26/2016,23:51,23
457,2/23/2017,0:51,0
458,2/23/2017,1:51,1
459,2/23/2017,2:51,2
460,2/23/2017,3:51,3
461,2/23/2017,4:51,4
462,2/23/2017,5:51,5
463,2/23/2017,6:51,6
464,2/23/2017,7:51,7
465,2/23/2017,8:51,8
466,2/23/2017,9:51,9
467,2/23/2017,10:51,10
468,2/23/2017,11:51,11
469,2/23/2017,12:51,12
470,2/23/2017,13:51,13
471,2/23/2017,14:51,14
472,2/23/2017,15:51,15
473,2/23/2017,16:51,16
474,2/23/2017,17:51,17
475,2/23/2017,18:51,18
476,2/23/2017,19:51,19
477,2/23/2017,20:51,20
478,2/23/2017,21:51,21
479,2/23/2017,22:51,22
480,2/23/2017,23:51,23
481,3/20/2017,0:51,0
482,3/20/2017,1:51,1
483,3/20/2017,2:51,2
484,3/20/2017,3:51,3
485,3/20/2017,4:51,4
486,3/20/2017,5:51,5
487,3/20/2017,6:51,6
488,3/20/2017,7:51,7
489,3/20/2017,8:51,8
490,3/20/2017,9:51,9
491,3/20/2017,10:51,10
492,3/20/2017,11:51,11
493,3/20/2017,12:51,12
494,3/20/2017,13:51,13
495,3/20/2017,14:51,14
496,3/20/2017,15:51,15
497,3/20/2017,16:51,16
498,3/20/2017,17:51,17
499,3/20/2017,18:51,18
500,3/20/2017,19:51,19
501,3/20/2017,20:51,20
502,3/20/2017,21:51,21
503,3/20/2017,22:51,22
504,3/20/2017,23:51,23
505,3/21/2017,0:51,0
506,3/21/2017,1:51,1
507,3/21/2017,2:51,2
508,3/21/2017,3:51,3
509,3/21/2017,4:51,4
510,3/21/2017,5:51,5
511,3/21/2017,6:51,6
512,3/21/2017,7:51,7
513,3/21/2017,8:51,8
514,3/21/2017,9:51,9
515,3/21/2017,10:51,10
516,3/21/2017,11:51,11
517,3/21/2017,12:51,12
518,3/21/2017,13:51,13
519,3/21/2017,14:51,14
520,3/21/2017,15:51,15
521,3/21/2017,16:51,16
522,3/21/2017,17:51,17
523,3/21/2017,18:51,18
524,3/21/2017,19:51,19
525,3/21/2017,20:51,20
526,3/21/2017,21:51,21
527,3/21/2017,22:51,22
528,3/21/2017,23:51,23
529,4/17/2017,0:51,0
530,4/17/2017,1:51,1
531,4/17/2017,2:51,2
532,4/17/2017,3:51,3
533,4/17/2017,4:51,4
534,4/17/2017,5:51,5
535,4/17/2017,6:51,6
536,4/17/2017,7:51,7
537,4/17/2017,8:51,8
538,4/17/2017,9:51,9
539,4/17/2017,10:51,10
540,4/17/2017,11:51,11
541,4/17/2017,12:51,12
542,4/17/2017,13:51,13
543,4/17/2017,14:51,14
544,4/17/2017,15:51,15
545,4/17/2017,16:51,16
546,4/17/2017,17:51,17
547,4/17/2017,18:51,18
548,4/17/2017,19:51,19
549,4/17/2017,20:51,20
550,4/17/2017,21:51,21
551,4/17/2017,22:51,22
552,4/17/2017,23:51,23
553,8/1/2016,0:51,0
554,8/1/2016,1:51,1
555,8/1/2016,2:51,2
556,8/1/2016,3:51,3
557,8/1/2016,4:51,4
558,8/1/2016,5:51,5
559,8/1/2016,6:51,6
560,8/1/2016,7:51,7
561,8/1/2016,8:51,8
562,8/1/2016,9:51,9
563,8/1/2016,10:51,10
564,8/1/2016,11:51,11
565,8/1/2016,12:51,12
566,8/1/2016,13:51,13
567,8/1/2016,14:51,14
568,8/1/2016,15:51,15
569,8/1/2016,16:51,16
570,8/1/2016,17:51,17
571,8/1/2016,18:51,18
572,8/1/2016,19:51,19
573,8/1/2016,20:51,20
574,8/1/2016,21:51,21
575,8/1/2016,22:51,22
576,8/1/2016,23:51,23
577,8/8/2016,0:51,0
578,8/8/2016,1:51,1
579,8/8/2016,2:51,2
580,8/8/2016,3:51,3
581,8/8/2016,4:51,4
582,8/8/2016,5:51,5
583,8/8/2016,6:51,6
584,8/8/2016,7:51,7
585,8/8/2016,8:51,8
586,8/8/2016,9:51,9
587,8/8/2016,10:51,10
588,8/8/2016,11:51,11
589,8/8/2016,12:51,12
590,8/8/2016,13:51,13
591,8/8/2016,14:51,14
592,8/8/2016,15:51,15
593,8/8/2016,16:51,16
594,8/8/2016,17:51,17
595,8/8/2016,18:51,18
596,8/8/2016,19:51,19
597,8/8/2016,20:51,20
598,8/8/2016,21:51,21
599,8/8/2016,22:51,22
600,8/8/2016,23:51,23
601,8/22/2016,0:51,0
602,8/22/2016,1:51,1
603,8/22/2016,2:51,2
604,8/22/2016,3:51,3
605,8/22/2016,4:51,4
606,8/22/2016,5:51,5
607,8/22/2016,6:51,6
608,8/22/2016,7:51,7
609,8/22/2016,8:51,8
610,8/22/2016,9:51,9
611,8/22/2016,10:51,10
612,8/22/2016,11:51,11
613,8/22/2016,12:51,12
614,8/22/2016,13:51,13
615,8/22/2016,14:51,14
616,8/22/2016,15:51,15
617,8/22/2016,16:51,16
618,8/22/2016,17:51,17
619,8/22/2016,18:51,18
620,8/22/2016,19:51,19
621,8/22/2016,20:51,20
622,8/22/2016,21:51,21
623,8/22/2016,22:51,22
624,8/22/2016,23:51,23
625,8/29/2016,0:51,0
626,8/29/2016,1:51,1
627,8/29/2016,2:51,2
628,8/29/2016,3:51,3
629,8/29/2016,4:51,4
630,8/29/2016,5:51,5
631,8/29/2016,6:51,6
632,8/29/2016,7:51,7
633,8/29/2016,8:51,8
634,8/29/2016,9:51,9
635,8/29/2016,10:51,10
636,8/29/2016,11:51,11
637,8/29/2016,12:51,12
638,8/29/2016,13:51,13
639,8/29/2016,14:51,14
640,8/29/2016,15:51,15
641,8/29/2016,16:51,16
642,8/29/2016,17:51,17
643,8/29/2016,18:51,18
644,8/29/2016,19:51,19
645,8/29/2016,20:51,20
646,8/29/2016,21:51,21
647,8/29/2016,22:51,22
648,8/29/2016,23:51,23
649,9/8/2016,0:51,0
650,9/8/2016,1:51,1
651,9/8/2016,2:51,2
652,9/8/2016,3:51,3
653,9/8/2016,4:51,4
654,9/8/2016,5:51,5
655,9/8/2016,6:51,6
656,9/8/2016,7:51,7
657,9/8/2016,8:51,8
658,9/8/2016,9:51,9
659,9/8/2016,10:51,10
660,9/8/2016,11:51,11
661,9/8/2016,12:51,12
662,9/8/2016,13:51,13
663,9/8/2016,14:51,14
664,9/8/2016,15:51,15
665,9/8/2016,16:51,16
666,9/8/2016,17:51,17
667,9/8/2016,18:51,18
668,9/8/2016,19:51,19
669,9/8/2016,20:51,20
670,9/8/2016,21:51,21
671,9/8/2016,22:51,22
672,9/8/2016,23:51,23
673,9/16/2016,0:51,0
674,9/16/2016,1:51,1
675,9/16/2016,2:51,2
676,9/16/2016,3:51,3
677,9/16/2016,4:51,4
678,9/16/2016,5:51,5
679,9/16/2016,6:51,6
680,9/16/2016,7:51,7
681,9/16/2016,8:51,8
682,9/16/2016,9:51,9
683,9/16/2016,10:51,10
684,9/16/2016,11:51,11
685,9/16/2016,12:51,12
686,9/16/2016,13:51,13
687,9/16/2016,14:51,14
688,9/16/2016,15:51,15
689,9/16/2016,16:51,16
690,9/16/2016,17:51,17
691,9/16/2016,18:51,18
692,9/16/2016,19:51,19
693,9/16/2016,20:51,20
694,9/16/2016,21:51,21
695,9/16/2016,22:51,22
696,9/16/2016,23:51,23
697,10/4/2016,0:51,0
698,10/4/2016,1:51,1
699,10/4/2016,2:51,2
700,10/4/2016,3:51,3
701,10/4/2016,4:51,4
702,10/4/2016,5:51,5
703,10/4/2016,6:51,6
704,10/4/2016,7:51,7
705,10/4/2016,8:51,8
706,10/4/2016,9:51,9
707,10/4/2016,10:51,10
708,10/4/2016,11:51,11
709,10/4/2016,12:51,12
710,10/4/2016,13:51,13
711,10/4/2016,14:51,14
712,10/4/2016,15:51,15
713,10/4/2016,16:51,16
714,10/4/2016,17:51,17
715,10/4/2016,18:51,18
716,10/4/2016,19:51,19
717,10/4/2016,20:51,20
718,10/4/2016,21:51,21
719,10/4/2016,22:51,22
720,10/4/2016,23:51,23
721,10/11/2016,0:51,0
722,10/11/2016,1:51,1
723,10/11/2016,2:51,2
724,10/11/2016,3:51,3
725,10/11/2016,4:51,4
726,10/11/2016,5:51,5
727,10/11/2016,6:51,6
728,10/11/2016,7:51,7
729,10/11/2016,8:51,8
730,10/11/2016,9:51,9
731,10/11/2016,10:51,10
732,10/11/2016,11:51,11
733,10/11/2016,12:51,12
734,10/11/2016,13:51,13
735,10/11/2016,14:51,14
736,10/11/2016,15:51,15
737,10/11/2016,16:51,16
738,10/11/2016,17:51,17
739,10/11/2016,18:51,18
740,10/11/2016,19:51,19
741,10/11/2016,20:51,20
742,10/11/2016,21:51,21
743,10/11/2016,22:51,22
744,10/11/2016,23:51,23
745,10/24/2016,0:51,0
746,10/24/2016,1:51,1
747,10/24/2016,2:51,2
748,10/24/2016,3:51,3
749,10/24/2016,4:51,4
750,10/24/2016,5:51,5
751,10/24/2016,6:51,6
752,10/24/2016,7:51,7
753,10/24/2016,8:51,8
754,10/24/2016,9:51,9
755,10/24/2016,10:51,10
756,10/24/2016,11:51,11
757,10/24/2016,12:51,12
758,10/24/2016,13:51,13
759,10/24/2016,14:51,14
760,10/24/2016,15:51,15
761,10/24/2016,16:51,16
762,10/24/2016,17:51,17
763,10/24/2016,18:51,18
764,10/24/2016,19:51,19
765,10/24/2016,20:51,20
766,10/24/2016,21:51,21
767,10/24/2016,22:51,22
768,10/24/2016,23:51,23
769,3/7/2017,0:51,0
770,3/7/2017,1:51,1
771,3/7/2017,2:51,2
772,3/7/2017,3:51,3
773,3/7/2017,4:51,4
774,3/7/2017,5:51,5
775,3/7/2017,6:51,6
776,3/7/2017,7:51,7
777,3/7/2017,8:51,8
778,3/7/2017,9:51,9
779,3/7/2017,10:51,10
780,3/7/2017,11:51,11
781,3/7/2017,12:51,12
782,3/7/2017,13:51,13
783,3/7/2017,14:51,14
784,3/7/2017,15:51,15
785,3/7/2017,16:51,16
786,3/7/2017,17:51,17
787,3/7/2017,18:51,18
788,3/7/2017,19:51,19
789,3/7/2017,20:51,20
790,3/7/2017,21:51,21
791,3/7/2017,22:51,22
792,3/7/2017,23:51,23
793,3/24/2017,0:51,0
794,3/24/2017,1:51,1
795,3/24/2017,2:51,2
796,3/24/2017,3:51,3
797,3/24/2017,4:51,4
798,3/24/2017,5:51,5
799,3/24/2017,6:51,6
800,3/24/2017,7:51,7
801,3/24/2017,8:51,8
802,3/24/2017,9:51,9
803,3/24/2017,10:51,10
804,3/24/2017,11:51,11
805,3/24/2017,12:51,12
806,3/24/2017,13:51,13
807,3/24/2017,14:51,14
808,3/24/2017,15:51,15
809,3/24/2017,16:51,16
810,3/24/2017,17:51,17
811,3/24/2017,18:51,18
812,3/24/2017,19:51,19
813,3/24/2017,20:51,20
814,3/24/2017,21:51,21
815,3/24/2017,22:51,22
816,3/24/2017,23:51,23
817,3/29/2017,0:51,0
818,3/29/2017,1:51,1
819,3/29/2017,2:51,2
820,3/29/2017,3:51,3
821,3/29/2017,4:51,4
822,3/29/2017,5:51,5
823,3/29/2017,6:51,6
824,3/29/2017,7:51,7
825,3/29/2017,8:51,8
826,3/29/2017,9:51,9
827,3/29/2017,10:51,10
828,3/29/2017,11:51,11
829,3/29/2017,12:51,12
830,3/29/2017,13:51,13
831,3/29/2017,14:51,14
832,3/29/2017,15:51,15
833,3/29/2017,16:51,16
834,3/29/2017,17:51,17
835,3/29/2017,18:51,18
836,3/29/2017,19:51,19
837,3/29/2017,20:51,20
838,3/29/2017,21:51,21
839,3/29/2017,22:51,22
840,3/29/2017,23:51,23
841,4/4/2017,0:51,0
842,4/4/2017,1:51,1
843,4/4/2017,2:51,2
844,4/4/2017,3:51,3
845,4/4/2017,4:51,4
846,4/4/2017,5:51,5
847,4/4/2017,6:51,6
848,4/4/2017,7:51,7
849,4/4/2017,8:51,8
850,4/4/2017,9:51,9
851,4/4/2017,10:51,10
852,4/4/2017,11:51,11
853,4/4/2017,12:51,12
854,4/4/2017,13:51,13
855,4/4/2017,14:51,14
856,4/4/2017,15:51,15
857,4/4/2017,16:51,16
858,4/4/2017,17:51,17
859,4/4/2017,18:51,18
860,4/4/2017,19:51,19
861,4/4/2017,20:51,20
862,4/4/2017,21:51,21
863,4/4/2017,22:51,22
864,4/4/2017,23:51,23
865,4/10/2017,0:51,0
866,4/10/2017,1:51,1
867,4/10/2017,2:51,2
868,4/10/2017,3:51,3
869,4/10/2017,4:51,4
870,4/10/2017,5:51,5
871,4/10/2017,6:51,6
872,4/10/2017,7:51,7
873,4/10/2017,8:51,8
874,4/10/2017,9:51,9
875,4/10/2017,10:51,10
876,4/10/2017,11:51,11
877,4/10/2017,12:51,12
878,4/10/2017,13:51,13
879,4/10/2017,14:51,14
880,4/10/2017,15:51,15
881,4/10/2017,16:51,16
882,4/10/2017,17:51,17
883,4/10/2017,18:51,18
884,4/10/2017,19:51,19
885,4/10/2017,20:51,20
886,4/10/2017,21:51,21
887,4/10/2017,22:51,22
888,4/10/2017,23:51,23
889,4/21/2017,0:51,0
890,4/21/2017,1:51,1
891,4/21/2017,2:51,2
892,4/21/2017,3:51,3
893,4/21/2017,4:51,4
894,4/21/2017,5:51,5
895,4/21/2017,6:51,6
896,4/21/2017,7:51,7
897,4/21/2017,8:51,8
898,4/21/2017,9:51,9
899,4/21/2017,10:51,10
900,4/21/2017,11:51,11
901,4/21/2017,12:51,12
902,4/21/2017,13:51,13
903,4/21/2017,14:51,14
904,4/21/2017,15:51,15
905,4/21/2017,16:51,16
906,4/21/2017,17:51,17
907,4/21/2017,18:51,18
908,4/21/2017,19:51,19
909,4/21/2017,20:51,20
910,4/21/2017,21:51,21
911,4/21/2017,22:51,22
912,4/21/2017,23:51,23
913,4/28/2017,0:51,0
914,4/28/2017,1:51,1
915,4/28/2017,2:51,2
916,4/28/2017,3:51,3
917,4/28/2017,4:51,4
918,4/28/2017,5:51,5
919,4/28/2017,6:51,6
920,4/28/2017,7:51,7
921,4/28/2017,8:51,8
922,4/28/2017,9:51,9
923,4/28/2017,10:51,10
924,4/28/2017,11:51,11
925,4/28/2017,12:51,12
926,4/28/2017,13:51,13
927,4/28/2017,14:51,14
928,4/28/2017,15:51,15
929,4/28/2017,16:51,16
930,4/28/2017,17:51,17
931,4/28/2017,18:51,18
932,4/28/2017,19:51,19
933,4/28/2017,20:51,20
934,4/28/2017,21:51,21
935,4/28/2017,22:51,22
936,4/28/2017,23:51,23
937,5/1/2017,0:51,0
938,5/1/2017,1:51,1
939,5/1/2017,2:51,2
940,5/1/2017,3:51,3
941,5/1/2017,4:51,4
942,5/1/2017,5:51,5
943,5/1/2017,6:51,6
944,5/1/2017,7:51,7
945,5/1/2017,8:51,8
946,5/1/2017,9:51,9
947,5/1/2017,10:51,10
948,5/1/2017,11:51,11
949,5/1/2017,12:51,12
950,5/1/2017,13:51,13
951,5/1/2017,14:51,14
952,5/1/2017,15:51,15
953,5/1/2017,16:51,16
954,5/1/2017,17:51,17
955,5/1/2017,18:51,18
956,5/1/2017,19:51,19
957,5/1/2017,20:51,20
958,5/1/2017,21:51,21
959,5/1/2017,22:51,22
960,5/1/2017,23:51,23
961,5/2/2017,0:51,0
962,5/2/2017,1:51,1
963,5/2/2017,2:51,2
964,5/2/2017,3:51,3
965,5/2/2017,4:51,4
966,5/2/2017,5:51,5
967,5/2/2017,6:51,6
968,5/2/2017,7:51,7
969,5/2/2017,8:51,8
970,5/2/2017,9:51,9
971,5/2/2017,10:51,10
972,5/2/2017,11:51,11
973,5/2/2017,12:51,12
974,5/2/2017,13:51,13
975,5/2/2017,14:51,14
976,5/2/2017,15:51,15
977,5/2/2017,16:51,16
978,5/2/2017,17:51,17
979,5/2/2017,18:51,18
980,5/2/2017,19:51,19
981,5/2/2017,20:51,20
982,5/2/2017,21:51,21
983,5/2/2017,22:51,22
984,5/2/2017,23:51,23
985,5/8/2017,0:51,0
986,5/8/2017,1:51,1
987,5/8/2017,2:51,2
988,5/8/2017,3:51,3
989,5/8/2017,4:51,4
990,5/8/2017,5:51,5
991,5/8/2017,6:51,6
992,5/8/2017,7:51,7
993,5/8/2017,8:51,8
994,5/8/2017,9:51,9
995,5/8/2017,10:51,10
996,5/8/2017,11:51,11
997,5/8/2017,12:51,12
998,5/8/2017,13:51,13
999,5/8/2017,14:51,14
1000,5/8/2017,15:51,15
1001,5/8/2017,16:51,16
1002,5/8/2017,17:51,17
1003,5/8/2017,18:51,18
1004,5/8/2017,19:51,19
1005,5/8/2017,20:51,20
1006,5/8/2017,21:51,21
1007,5/8/2017,22:51,22
1008,5/8/2017,23:51,23
1009,5/16/2017,0:51,0
1010,5/16/2017,1:51,1
1011,5/16/2017,2:51,2
1012,5/16/2017,3:51,3
1013,5/16/2017,4:51,4
1014,5/16/2017,5:51,5
1015,5/16/2017,6:51,6
1016,5/16/2017,7:51,7
1017,5/16/2017,8:51,8
1018,5/16/2017,9:51,9
1019,5/16/2017,10:51,10
1020,5/16/2017,11:51,11
1021,5/16/2017,12:51,12
1022,5/16/2017,13:51,13
1023,5/16/2017,14:51,14
1024,5/16/2017,15:51,15
1025,5/16/2017,16:51,16
1026,5/16/2017,17:51,17
1027,5/16/2017,18:51,18
1028,5/16/2017,19:51,19
1029,5/16/2017,20:51,20
1030,5/16/2017,21:51,21
1031,5/16/2017,22:51,22
1032,5/16/2017,23:51,23
1033,5/17/2017,0:51,0
1034,5/17/2017,1:51,1
1035,5/17/2017,2:51,2
1036,5/17/2017,3:51,3
1037,5/17/2017,4:51,4
1038,5/17/2017,5:51,5
1039,5/17/2017,6:51,6
1040,5/17/2017,7:51,7
1041,5/17/2017,8:51,8
1042,5/17/2017,9:51,9
1043,5/17/2017,10:51,10
1044,5/17/2017,11:51,11
1045,5/17/2017,12:51,12
1046,5/17/2017,13:51,13
1047,5/17/2017,14:51,14
1048,5/17/2017,15:51,15
1049,5/17/2017,16:51,16
1050,5/17/2017,17:51,17
1051,5/17/2017,18:51,18
1052,5/17/2017,19:51,19
1053,5/17/2017,20:51,20
1054,5/17/2017,21:51,21
1055,5/17/2017,22:51,22
1056,5/17/2017,23:51,23
1057,5/25/2017,0:51,0
1058,5/25/2017,1:51,1
1059,5/25/2017,2:51,2
1060,5/25/2017,3:51,3
1061,5/25/2017,4:51,4
1062,5/25/2017,5:51,5
1063,5/25/2017,6:51,6
1064,5/25/2017,7:51,7
1065,5/25/2017,8:51,8
1066,5/25/2017,9:51,9
1067,5/25/2017,10:51,10
1068,5/25/2017,11:51,11
1069,5/25/2017,12:51,12
1070,5/25/2017,13:51,13
1071,5/25/2017,14:51,14
1072,5/25/2017,15:51,15
1073,5/25/2017,16:51,16
1074,5/25/2017,17:51,17
1075,5/25/2017,18:51,18
1076,5/25/2017,19:51,19
1077,5/25/2017,20:51,20
1078,5/25/2017,21:51,21
1079,5/25/2017,22:51,22
1080,5/25/2017,23:51,23
1081,6/7/2017,0:51,0
1082,6/7/2017,1:51,1
1083,6/7/2017,2:51,2
1084,6/7/2017,3:51,3
1085,6/7/2017,4:51,4
1086,6/7/2017,5:51,5
1087,6/7/2017,6:51,6
1088,6/7/2017,7:51,7
1089,6/7/2017,8:51,8
1090,6/7/2017,9:51,9
1091,6/7/2017,10:51,10
1092,6/7/2017,11:51,11
1093,6/7/2017,12:51,12
1094,6/7/2017,13:51,13
1095,6/7/2017,14:51,14
1096,6/7/2017,15:51,15
1097,6/7/2017,16:51,16
1098,6/7/2017,17:51,17
1099,6/7/2017,18:51,18
1100,6/7/2017,19:51,19
1101,6/7/2017,20:51,20
1102,6/7/2017,21:51,21
1103,6/7/2017,22:51,22
1104,6/7/2017,23:51,23
1105,7/6/2017,0:51,0
1106,7/6/2017,1:51,1
1107,7/6/2017,2:51,2
1108,7/6/2017,3:51,3
1109,7/6/2017,4:51,4
1110,7/6/2017,5:51,5
1111,7/6/2017,6:51,6
1112,7/6/2017,7:51,7
1113,7/6/2017,8:51,8
1114,7/6/2017,9:51,9
1115,7/6/2017,10:51,10
1116,7/6/2017,11:51,11
1117,7/6/2017,12:51,12
1118,7/6/2017,13:51,13
1119,7/6/2017,14:51,14
1120,7/6/2017,15:51,15
1121,7/6/2017,16:51,16
1122,7/6/2017,17:51,17
1123,7/6/2017,18:51,18
1124,7/6/2017,19:51,19
1125,7/6/2017,20:51,20
1126,7/6/2017,21:51,21
1127,7/6/2017,22:51,22
1128,7/6/2017,23:51,23
1129,7/7/2017,0:51,0
1130,7/7/2017,1:51,1
1131,7/7/2017,2:51,2
1132,7/7/2017,3:51,3
1133,7/7/2017,4:51,4
1134,7/7/2017,5:51,5
1135,7/7/2017,6:51,6
1136,7/7/2017,7:51,7
1137,7/7/2017,8:51,8
1138,7/7/2017,9:51,9
1139,7/7/2017,10:51,10
1140,7/7/2017,11:51,11
1141,7/7/2017,12:51,12
1142,7/7/2017,13:51,13
1143,7/7/2017,14:51,14
1144,7/7/2017,15:51,15
1145,7/7/2017,16:51,16
1146,7/7/2017,17:51,17
1147,7/7/2017,18:51,18
1148,7/7/2017,19:51,19
1149,7/7/2017,20:51,20
1150,7/7/2017,21:51,21
1151,7/7/2017,22:51,22
1152,7/7/2017,23:51,23
1153,7/12/2017,0:51,0
1154,7/12/2017,1:51,1
1155,7/12/2017,2:51,2
1156,7/12/2017,3:51,3
1157,7/12/2017,4:51,4
1158,7/12/2017,5:51,5
1159,7/12/2017,6:51,6
1160,7/12/2017,7:51,7
1161,7/12/2017,8:51,8
1162,7/12/2017,9:51,9
1163,7/12/2017,10:51,10
1164,7/12/2017,11:51,11
1165,7/12/2017,12:51,12
1166,7/12/2017,13:51,13
1167,7/12/2017,14:51,14
1168,7/12/2017,15:51,15
1169,7/12/2017,16:51,16
1170,7/12/2017,17:51,17
1171,7/12/2017,18:51,18
1172,7/12/2017,19:51,19
1173,7/12/2017,20:51,20
1174,7/12/2017,21:51,21
1175,7/12/2017,22:51,22
1176,7/12/2017,23:51,23
1177,7/18/2017,0:51,0
1178,7/18/2017,1:51,1
1179,7/18/2017,2:51,2
1180,7/18/2017,3:51,3
1181,7/18/2017,4:51,4
1182,7/18/2017,5:51,5
1183,7/18/2017,6:51,6
1184,7/18/2017,7:51,7
1185,7/18/2017,8:51,8
1186,7/18/2017,9:51,9
1187,7/18/2017,10:51,10
1188,7/18/2017,11:51,11
1189,7/18/2017,12:51,12
1190,7/18/2017,13:51,13
1191,7/18/2017,14:51,14
1192,7/18/2017,15:51,15
1193,7/18/2017,16:51,16
1194,7/18/2017,17:51,17
1195,7/18/2017,18:51,18
1196,7/18/2017,19:51,19
1197,7/18/2017,20:51,20
1198,7/18/2017,21:51,21
1199,7/18/2017,22:51,22
1200,7/18/2017,23:51,23
1201,7/27/2017,0:51,0
1202,7/27/2017,1:51,1
1203,7/27/2017,2:51,2
1204,7/27/2017,3:51,3
1205,7/27/2017,4:51,4
1206,7/27/2017,5:51,5
1207,7/27/2017,6:51,6
1208,7/27/2017,7:51,7
1209,7/27/2017,8:51,8
1210,7/27/2017,9:51,9
1211,7/27/2017,10:51,10
1212,7/27/2017,11:51,11
1213,7/27/2017,12:51,12
1214,7/27/2017,13:51,13
1215,7/27/2017,14:51,14
1216,7/27/2017,15:51,15
1217,7/27/2017,16:51,16
1218,7/27/2017,17:51,17
1219,7/27/2017,18:51,18
1220,7/27/2017,19:51,19
1221,7/27/2017,20:51,20
1222,7/27/2017,21:51,21
1223,7/27/2017,22:51,22
1224,7/27/2017,23:51,23
1225,8/3/2017,0:51,0
1226,8/3/2017,1:51,1
1227,8/3/2017,2:51,2
1228,8/3/2017,3:51,3
1229,8/3/2017,4:51,4
1230,8/3/2017,5:51,5
1231,8/3/2017,6:51,6
1232,8/3/2017,7:51,7
1233,8/3/2017,8:51,8
1234,8/3/2017,9:51,9
1235,8/3/2017,10:51,10
1236,8/3/2017,11:51,11
1237,8/3/2017,12:51,12
1238,8/3/2017,13:51,13
1239,8/3/2017,14:51,14
1240,8/3/2017,15:51,15
1241,8/3/2017,16:51,16
1242,8/3/2017,17:51,17
1243,8/3/2017,18:51,18
1244,8/3/2017,19:51,19
1245,8/3/2017,20:51,20
1246,8/3/2017,21:51,21
1247,8/3/2017,22:51,22
1248,8/3/2017,23:51,23
1249,8/22/2017,0:51,0
1250,8/22/2017,1:51,1
1251,8/22/2017,2:51,2
1252,8/22/2017,3:51,3
1253,8/22/2017,4:51,4
1254,8/22/2017,5:51,5
1255,8/22/2017,6:51,6
1256,8/22/2017,7:51,7
1257,8/22/2017,8:51,8
1258,8/22/2017,9:51,9
1259,8/22/2017,10:51,10
1260,8/22/2017,11:51,11
1261,8/22/2017,12:51,12
1262,8/22/2017,13:51,13
1263,8/22/2017,14:51,14
1264,8/22/2017,15:51,15
1265,8/22/2017,16:51,16
1266,8/22/2017,17:51,17
1267,8/22/2017,18:51,18
1268,8/22/2017,19:51,19
1269,8/22/2017,20:51,20
1270,8/22/2017,21:51,21
1271,8/22/2017,22:51,22
1272,8/22/2017,23:51,23
1273,8/24/2017,0:51,0
1274,8/24/2017,1:51,1
1275,8/24/2017,2:51,2
1276,8/24/2017,3:51,3
1277,8/24/2017,4:51,4
1278,8/24/2017,5:51,5
1279,8/24/2017,6:51,6
1280,8/24/2017,7:51,7
1281,8/24/2017,8:51,8
1282,8/24/2017,9:51,9
1283,8/24/2017,10:51,10
1284,8/24/2017,11:51,11
1285,8/24/2017,12:51,12
1286,8/24/2017,13:51,13
1287,8/24/2017,14:51,14
1288,8/24/2017,15:51,15
1289,8/24/2017,16:51,16
1290,8/24/2017,17:51,17
1291,8/24/2017,18:51,18
1292,8/24/2017,19:51,19
1293,8/24/2017,20:51,20
1294,8/24/2017,21:51,21
1295,8/24/2017,22:51,22
1296,8/24/2017,23:51,23
1297,8/28/2017,0:51,0
1298,8/28/2017,1:51,1
1299,8/28/2017,2:51,2
1300,8/28/2017,3:51,3
1301,8/28/2017,4:51,4
1302,8/28/2017,5:51,5
1303,8/28/2017,6:51,6
1304,8/28/2017,7:51,7
1305,8/28/2017,8:51,8
1306,8/28/2017,9:51,9
1307,8/28/2017,10:51,10
1308,8/28/2017,11:51,11
1309,8/28/2017,12:51,12
1310,8/28/2017,13:51,13
1311,8/28/2017,14:51,14
1312,8/28/2017,15:51,15
1313,8/28/2017,16:51,16
1314,8/28/2017,17:51,17
1315,8/28/2017,18:51,18
1316,8/28/2017,19:51,19
1317,8/28/2017,20:51,20
1318,8/28/2017,21:51,21
1319,8/28/2017,22:51,22
1320,8/28/2017,23:51,23
1321,8/30/2017,0:51,0
1322,8/30/2017,1:51,1
1323,8/30/2017,2:51,2
1324,8/30/2017,3:51,3
1325,8/30/2017,4:51,4
1326,8/30/2017,5:51,5
1327,8/30/2017,6:51,6
1328,8/30/2017,7:51,7
1329,8/30/2017,8:51,8
1330,8/30/2017,9:51,9
1331,8/30/2017,10:51,10
1332,8/30/2017,11:51,11
1333,8/30/2017,12:51,12
1334,8/30/2017,13:51,13
1335,8/30/2017,14:51,14
1336,8/30/2017,15:51,15
1337,8/30/2017,16:51,16
1338,8/30/2017,17:51,17
1339,8/30/2017,18:51,18
1340,8/30/2017,19:51,19
1341,8/30/2017,20:51,20
1342,8/30/2017,21:51,21
1343,8/30/2017,22:51,22
1344,8/30/2017,23:51,23
1345,8/31/2017,0:51,0
1346,8/31/2017,1:51,1
1347,8/31/2017,2:51,2
1348,8/31/2017,3:51,3
1349,8/31/2017,4:51,4
1350,8/31/2017,5:51,5
1351,8/31/2017,6:51,6
1352,8/31/2017,7:51,7
1353,8/31/2017,8:51,8
1354,8/31/2017,9:51,9
1355,8/31/2017,10:51,10
1356,8/31/2017,11:51,11
1357,8/31/2017,12:51,12
1358,8/31/2017,13:51,13
1359,8/31/2017,14:51,14
1360,8/31/2017,15:51,15
1361,8/31/2017,16:51,16
1362,8/31/2017,17:51,17
1363,8/31/2017,18:51,18
1364,8/31/2017,19:51,19
1365,8/31/2017,20:51,20
1366,8/31/2017,21:51,21
1367,8/31/2017,22:51,22
1368,8/31/2017,23:51,23
1369,9/5/2017,0:51,0
1370,9/5/2017,1:51,1
1371,9/5/2017,2:51,2
1372,9/5/2017,3:51,3
1373,9/5/2017,4:51,4
1374,9/5/2017,5:51,5
1375,9/5/2017,6:51,6
1376,9/5/2017,7:51,7
1377,9/5/2017,8:51,8
1378,9/5/2017,9:51,9
1379,9/5/2017,10:51,10
1380,9/5/2017,11:51,11
1381,9/5/2017,12:51,12
1382,9/5/2017,13:51,13
1383,9/5/2017,14:51,14
1384,9/5/2017,15:51,15
1385,9/5/2017,16:51,16
1386,9/5/2017,17:51,17
1387,9/5/2017,18:51,18
1388,9/5/2017,19:51,19
1389,9/5/2017,20:51,20
1390,9/5/2017,21:51,21
1391,9/5/2017,22:51,22
1392,9/5/2017,23:51,23
1393,9/7/2017,0:51,0
1394,9/7/2017,1:51,1
1395,9/7/2017,2:51,2
1396,9/7/2017,3:51,3
1397,9/7/2017,4:51,4
1398,9/7/2017,5:51,5
1399,9/7/2017,6:51,6
1400,9/7/2017,7:51,7
1401,9/7/2017,8:51,8
1402,9/7/2017,9:51,9
1403,9/7/2017,10:51,10
1404,9/7/2017,11:51,11
1405,9/7/2017,12:51,12
1406,9/7/2017,13:51,13
1407,9/7/2017,14:51,14
1408,9/7/2017,15:51,15
1409,9/7/2017,16:51,16
1410,9/7/2017,17:51,17
1411,9/7/2017,18:51,18
1412,9/7/2017,19:51,19
1413,9/7/2017,20:51,20
1414,9/7/2017,21:51,21
1415,9/7/2017,22:51,22
1416,9/7/2017,23:51,23
1417,9/13/2017,0:51,0
1418,9/13/2017,1:51,1
1419,9/13/2017,2:51,2
1420,9/13/2017,3:51,3
1421,9/13/2017,4:51,4
1422,9/13/2017,5:51,5
1423,9/13/2017,6:51,6
1424,9/13/2017,7:51,7
1425,9/13/2017,8:51,8
1426,9/13/2017,9:51,9
1427,9/13/2017,10:51,10
1428,9/13/2017,11:51,11
1429,9/13/2017,12:51,12
1430,9/13/2017,13:51,13
1431,9/13/2017,14:51,14
1432,9/13/2017,15:51,15
1433,9/13/2017,16:51,16
1434,9/13/2017,17:51,17
1435,9/13/2017,18:51,18
1436,9/13/2017,19:51,19
1437,9/13/2017,20:51,20
1438,9/13/2017,21:51,21
1439,9/13/2017,22:51,22
1440,9/13/2017,23:51,23
1441,9/25/2017,0:51,0
1442,9/25/2017,1:51,1
1443,9/25/2017,2:51,2
1444,9/25/2017,3:51,3
1445,9/25/2017,4:51,4
1446,9/25/2017,5:51,5
1447,9/25/2017,6:51,6
1448,9/25/2017,7:51,7
1449,9/25/2017,8:51,8
1450,9/25/2017,9:51,9
1451,9/25/2017,10:51,10
1452,9/25/2017,11:51,11
1453,9/25/2017,12:51,12
1454,9/25/2017,13:51,13
1455,9/25/2017,14:51,14
1456,9/25/2017,15:51,15
1457,9/25/2017,16:51,16
1458,9/25/2017,17:51,17
1459,9/25/2017,18:51,18
1460,9/25/2017,19:51,19
1461,9/25/2017,20:51,20
1462,9/25/2017,21:51,21
1463,9/25/2017,22:51,22
1464,9/25/2017,23:51,23
1465,9/26/2017,0:51,0
1466,9/26/2017,1:51,1
1467,9/26/2017,2:51,2
1468,9/26/2017,3:51,3
1469,9/26/2017,4:51,4
1470,9/26/2017,5:51,5
1471,9/26/2017,6:51,6
1472,9/26/2017,7:51,7
1473,9/26/2017,8:51,8
1474,9/26/2017,9:51,9
1475,9/26/2017,10:51,10
1476,9/26/2017,11:51,11
1477,9/26/2017,12:51,12
1478,9/26/2017,13:51,13
1479,9/26/2017,14:51,14
1480,9/26/2017,15:51,15
1481,9/26/2017,16:51,16
1482,9/26/2017,17:51,17
1483,9/26/2017,18:51,18
1484,9/26/2017,19:51,19
1485,9/26/2017,20:51,20
1486,9/26/2017,21:51,21
1487,9/26/2017,22:51,22
1488,9/26/2017,23:51,23
1489,10/3/2017,0:51,0
1490,10/3/2017,1:51,1
1491,10/3/2017,2:51,2
1492,10/3/2017,3:51,3
1493,10/3/2017,4:51,4
1494,10/3/2017,5:51,5
1495,10/3/2017,6:51,6
1496,10/3/2017,7:51,7
1497,10/3/2017,8:51,8
1498,10/3/2017,9:51,9
1499,10/3/2017,10:51,10
1500,10/3/2017,11:51,11
1501,10/3/2017,12:51,12
1502,10/3/2017,13:51,13
1503,10/3/2017,14:51,14
1504,10/3/2017,15:51,15
1505,10/3/2017,16:51,16
1506,10/3/2017,17:51,17
1507,10/3/2017,18:51,18
1508,10/3/2017,19:51,19
1509,10/3/2017,20:51,20
1510,10/3/2017,21:51,21
1511,10/3/2017,22:51,22
1512,10/3/2017,23:51,23
1513,10/4/2017,0:51,0
1514,10/4/2017,1:51,1
1515,10/4/2017,2:51,2
1516,10/4/2017,3:51,3
1517,10/4/2017,4:51,4
1518,10/4/2017,5:51,5
1519,10/4/2017,6:51,6
1520,10/4/2017,7:51,7
1521,10/4/2017,8:51,8
1522,10/4/2017,9:51,9
1523,10/4/2017,10:51,10
1524,10/4/2017,11:51,11
1525,10/4/2017,12:51,12
1526,10/4/2017,13:51,13
1527,10/4/2017,14:51,14
1528,10/4/2017,15:51,15
1529,10/4/2017,16:51,16
1530,10/4/2017,17:51,17
1531,10/4/2017,18:51,18
1532,10/4/2017,19:51,19
1533,10/4/2017,20:51,20
1534,10/4/2017,21:51,21
1535,10/4/2017,22:51,22
1536,10/4/2017,23:51,23
1537,10/10/2017,0:51,0
1538,10/10/2017,1:51,1
1539,10/10/2017,2:51,2
1540,10/10/2017,3:51,3
1541,10/10/2017,4:51,4
1542,10/10/2017,5:51,5
1543,10/10/2017,6:51,6
1544,10/10/2017,7:51,7
1545,10/10/2017,8:51,8
1546,10/10/2017,9:51,9
1547,10/10/2017,10:51,10
1548,10/10/2017,11:51,11
1549,10/10/2017,12:51,12
1550,10/10/2017,13:51,13
1551,10/10/2017,14:51,14
1552,10/10/2017,15:51,15
1553,10/10/2017,16:51,16
1554,10/10/2017,17:51,17
1555,10/10/2017,18:51,18
1556,10/10/2017,19:51,19
1557,10/10/2017,20:51,20
1558,10/10/2017,21:51,21
1559,10/10/2017,22:51,22
1560,10/10/2017,23:51,23
1561,10/17/2017,0:51,0
1562,10/17/2017,1:51,1
1563,10/17/2017,2:51,2
1564,10/17/2017,3:51,3
1565,10/17/2017,4:51,4
1566,10/17/2017,5:51,5
1567,10/17/2017,6:51,6
1568,10/17/2017,7:51,7
1569,10/17/2017,8:51,8
1570,10/17/2017,9:51,9
1571,10/17/2017,10:51,10
1572,10/17/2017,11:51,11
1573,10/17/2017,12:51,12
1574,10/17/2017,13:51,13
1575,10/17/2017,14:51,14
1576,10/17/2017,15:51,15
1577,10/17/2017,16:51,16
1578,10/17/2017,17:51,17
1579,10/17/2017,18:51,18
1580,10/17/2017,19:51,19
1581,10/17/2017,20:51,20
1582,10/17/2017,21:51,21
1583,10/17/2017,22:51,22
1584,10/17/2017,23:51,23
1585,10/18/2017,0:51,0
1586,10/18/2017,1:51,1
1587,10/18/2017,2:51,2
1588,10/18/2017,3:51,3
1589,10/18/2017,4:51,4
1590,10/18/2017,5:51,5
1591,10/18/2017,6:51,6
1592,10/18/2017,7:51,7
1593,10/18/2017,8:51,8
1594,10/18/2017,9:51,9
1595,10/18/2017,10:51,10
1596,10/18/2017,11:51,11
1597,10/18/2017,12:51,12
1598,10/18/2017,13:51,13
1599,10/18/2017,14:51,14
1600,10/18/2017,15:51,15
1601,10/18/2017,16:51,16
1602,10/18/2017,17:51,17
1603,10/18/2017,18:51,18
1604,10/18/2017,19:51,19
1605,10/18/2017,20:51,20
1606,10/18/2017,21:51,21
1607,10/18/2017,22:51,22
1608,10/18/2017,23:51,23
1609,10/19/2017,0:51,0
1610,10/19/2017,1:51,1
1611,10/19/2017,2:51,2
1612,10/19/2017,3:51,3
1613,10/19/2017,4:51,4
1614,10/19/2017,5:51,5
1615,10/19/2017,6:51,6
1616,10/19/2017,7:51,7
1617,10/19/2017,8:51,8
1618,10/19/2017,9:51,9
1619,10/19/2017,10:51,10
1620,10/19/2017,11:51,11
1621,10/19/2017,12:51,12
1622,10/19/2017,13:51,13
1623,10/19/2017,14:51,14
1624,10/19/2017,15:51,15
1625,10/19/2017,16:51,16
1626,10/19/2017,17:51,17
1627,10/19/2017,18:51,18
1628,10/19/2017,19:51,19
1629,10/19/2017,20:51,20
1630,10/19/2017,21:51,21
1631,10/19/2017,22:51,22
1632,10/19/2017,23:51,23
1633,10/24/2017,0:51,0
1634,10/24/2017,1:51,1
1635,10/24/2017,2:51,2
1636,10/24/2017,3:51,3
1637,10/24/2017,4:51,4
1638,10/24/2017,5:51,5
1639,10/24/2017,6:51,6
1640,10/24/2017,7:51,7
1641,10/24/2017,8:51,8
1642,10/24/2017,9:51,9
1643,10/24/2017,10:51,10
1644,10/24/2017,11:51,11
1645,10/24/2017,12:51,12
1646,10/24/2017,13:51,13
1647,10/24/2017,14:51,14
1648,10/24/2017,15:51,15
1649,10/24/2017,16:51,16
1650,10/24/2017,17:51,17
1651,10/24/2017,18:51,18
1652,10/24/2017,19:51,19
1653,10/24/2017,20:51,20
1654,10/24/2017,21:51,21
1655,10/24/2017,22:51,22
1656,10/24/2017,23:51,23
1657,11/1/2017,0:51,0
1658,11/1/2017,1:51,1
1659,11/1/2017,2:51,2
1660,11/1/2017,3:51,3
1661,11/1/2017,4:51,4
1662,11/1/2017,5:51,5
1663,11/1/2017,6:51,6
1664,11/1/2017,7:51,7
1665,11/1/2017,8:51,8
1666,11/1/2017,9:51,9
1667,11/1/2017,10:51,10
1668,11/1/2017,11:51,11
1669,11/1/2017,12:51,12
1670,11/1/2017,13:51,13
1671,11/1/2017,14:51,14
1672,11/1/2017,15:51,15
1673,11/1/2017,16:51,16
1674,11/1/2017,17:51,17
1675,11/1/2017,18:51,18
1676,11/1/2017,19:51,19
1677,11/1/2017,20:51,20
1678,11/1/2017,21:51,21
1679,11/1/2017,22:51,22
1680,11/1/2017,23:51,23
1681,11/3/2017,0:51,0
1682,11/3/2017,1:51,1
1683,11/3/2017,2:51,2
1684,11/3/2017,3:51,3
1685,11/3/2017,4:51,4
1686,11/3/2017,5:51,5
1687,11/3/2017,6:51,6
1688,11/3/2017,7:51,7
1689,11/3/2017,8:51,8
1690,11/3/2017,9:51,9
1691,11/3/2017,10:51,10
1692,11/3/2017,11:51,11
1693,11/3/2017,12:51,12
1694,11/3/2017,13:51,13
1695,11/3/2017,14:51,14
1696,11/3/2017,15:51,15
1697,11/3/2017,16:51,16
1698,11/3/2017,17:51,17
1699,11/3/2017,18:51,18
1700,11/3/2017,19:51,19
1701,11/3/2017,20:51,20
1702,11/3/2017,21:51,21
1703,11/3/2017,22:51,22
1704,11/3/2017,23:51,23
1705,4/29/2019,0:54,0
1706,4/29/2019,1:54,1
1707,4/29/2019,2:54,2
1708,4/29/2019,3:54,3
1709,4/29/2019,4:54,4
1710,4/29/2019,5:54,5
1711,4/29/2019,6:54,6
1712,4/29/2019,7:54,7
1713,4/29/2019,8:54,8
1714,4/29/2019,9:54,9
1715,4/29/2019,10:54,10
1716,4/29/2019,11:54,11
1717,4/29/2019,12:54,12
1718,4/29/2019,13:54,13
1719,4/29/2019,14:54,14
1720,4/29/2019,15:54,15
1721,4/29/2019,16:54,16
1722,4/29/2019,17:54,17
1723,4/29/2019,18:54,18
1724,4/29/2019,19:54,19
1725,4/29/2019,20:54,20
1726,4/29/2019,21:54,21
1727,4/29/2019,22:54,22
1728,4/29/2019,23:54,23
1729,5/6/2019,0:54,0
1730,5/6/2019,1:54,1
1731,5/6/2019,2:54,2
1732,5/6/2019,3:54,3
1733,5/6/2019,4:54,4
1734,5/6/2019,5:54,5
1735,5/6/2019,6:54,6
1736,5/6/2019,7:54,7
1737,5/6/2019,8:54,8
1738,5/6/2019,9:54,9
1739,5/6/2019,10:54,10
1740,5/6/2019,11:54,11
1741,5/6/2019,12:54,12
1742,5/6/2019,13:54,13
1743,5/6/2019,14:54,14
1744,5/6/2019,15:54,15
1745,5/6/2019,16:54,16
1746,5/6/2019,17:54,17
1747,5/6/2019,18:54,18
1748,5/6/2019,19:54,19
1749,5/6/2019,20:54,20
1750,5/6/2019,21:54,21
1751,5/6/2019,22:54,22
1752,5/6/2019,23:54,23
1753,5/13/2019,0:54,0
1754,5/13/2019,1:54,1
1755,5/13/2019,2:54,2
1756,5/13/2019,3:54,3
1757,5/13/2019,4:54,4
1758,5/13/2019,5:54,5
1759,5/13/2019,6:54,6
1760,5/13/2019,7:54,7
1761,5/13/2019,8:54,8
1762,5/13/2019,9:54,9
1763,5/13/2019,10:54,10
1764,5/13/2019,11:54,11
1765,5/13/2019,12:54,12
1766,5/13/2019,13:54,13
1767,5/13/2019,14:54,14
1768,5/13/2019,15:54,15
1769,5/13/2019,16:54,16
1770,5/13/2019,17:54,17
1771,5/13/2019,18:54,18
1772,5/13/2019,19:54,19
1773,5/13/2019,20:54,20
1774,5/13/2019,21:54,21
1775,5/13/2019,22:54,22
1776,5/13/2019,23:54,23
